cell_id,lat_min,lat_max,lon_min,lon_max,centroid_lat,centroid_lon,d_road,d_water,d_settlement,d_forest,forest_cover,agricultural_exposure,elevation,slope,historical_conflict_density,target,spatial_cluster
0,11.5,11.52,75.8,75.82,11.51,75.81,25.441409261803845,17.12317833151203,13.158030201159212,1.5568156705479517,55.55555555555556,5.4366862349417655,753.5026530359569,5.920802794113016,1.406842140348425e-23,0,0
1,11.5,11.52,75.82,75.83999999999999,11.51,75.83,23.272566090367896,15.675898499515911,11.803931906801196,3.4527707584971146,100.0,0.0,810.9019741204793,45.0,3.084446506510375e-21,0,0
2,11.5,11.52,75.83999999999999,75.85999999999999,11.51,75.85,21.10583460587169,14.413821129861743,10.72504111832048,4.447797065782426,100.0,0.0,781.2522930562852,12.872005005156357,6.6145852616596085e-18,0,0
3,11.5,11.52,75.85999999999999,75.87999999999998,11.51,75.86999999999999,18.941939489756702,13.389420217034289,10.010736959946025,4.670528225672354,100.0,0.0,761.0759933804659,45.0,7.770695544842901e-15,0,0
4,11.5,11.52,75.87999999999998,75.89999999999998,11.51,75.88999999999999,16.781977968082295,12.381945741154285,9.741552802683549,3.5093031634685645,100.0,0.0,838.8029183525484,22.11024315228076,4.9607796443911015e-12,0,0
5,11.5,11.52,75.89999999999998,75.91999999999997,11.51,75.90999999999998,14.627692690519716,11.589828466902915,9.95366749466716,3.5093031634668423,100.0,0.0,903.9752347602804,42.23211140664626,1.2429816248058103e-09,0,0
6,11.5,11.52,75.91999999999997,75.93999999999997,11.51,75.92999999999998,12.48202302288093,11.172729999721389,10.618276282974328,2.44644007899732,66.66666666666666,6.12336294057339,866.1213480041462,35.71979203775607,8.90795245646451e-07,0,0
7,11.5,11.52,75.93999999999997,75.95999999999997,11.51,75.94999999999997,10.350328530548136,11.172729999720982,10.350328530548136,1.1119492664455182,11.11111111111111,6.9794155591816605,845.7934835664227,45.0,0.000139595509072,0,0
8,11.5,11.52,75.95999999999997,75.97999999999996,11.51,75.96999999999997,8.243457983420921,11.589828466901745,8.243457983420921,2.446440078991147,0.0,7.483700923332172,955.9271373718894,19.833662119365798,0.00061754646298,0,0
9,11.5,11.52,75.97999999999996,75.99999999999996,11.51,75.98999999999997,6.186824341825533,12.381945741152457,6.186824341825533,4.49788647076707,0.0,0.0,1121.6830697781686,32.61880910438268,0.0024577113559,0,0
10,11.5,11.52,75.99999999999996,76.01999999999995,11.51,76.00999999999996,4.2539262535987765,13.483147439958698,4.2539262535987765,6.631302438693477,0.0,0.0,1286.9209007421416,45.0,0.0126602136922397,1,0
11,11.5,11.52,76.01999999999995,76.03999999999995,11.51,76.02999999999996,2.722476634585951,14.82471508681705,2.722476634585951,8.787185950766306,0.0,0.0,1543.8943414572034,45.0,0.0302842503210064,1,0
12,11.5,11.52,76.03999999999995,76.05999999999995,11.51,76.04999999999995,2.4949482665895544,16.347578343714815,2.4949482665895544,10.952277262845614,0.0,0.0,1886.23475934678,41.56789396818672,0.0333659160750315,1,0
13,11.5,11.52,76.05999999999995,76.07999999999994,11.51,76.06999999999995,3.8124207608946334,16.344923637483003,3.8124207608946334,13.122019385470356,0.0,0.0,2093.948029226548,35.3593864619122,0.016931657415311,1,0
14,11.5,11.52,76.07999999999994,76.09999999999994,11.51,76.08999999999995,5.686935431399687,14.90166942749678,5.686935431399687,15.294433079095564,0.0,0.0,2033.4570379996007,37.16181579388912,0.0039573648082523,0,0
15,11.5,11.52,76.09999999999994,76.11999999999993,11.51,76.10999999999994,7.723005528603444,13.65492705231893,7.723005528603444,17.468521640863482,0.0,0.0,1827.8858780197288,45.0,0.0004260130474545,0,0
16,11.5,11.52,76.11999999999993,76.13999999999993,11.51,76.12999999999994,9.820656358266604,12.66287377030681,9.820656358266604,19.643728966922044,0.0,0.0,1601.778414727199,45.0,2.1122723610553664e-05,0,3
17,11.5,11.52,76.13999999999993,76.15999999999993,11.51,76.14999999999993,11.94749618786568,11.9889019434594,11.94749618786568,19.162088446750577,0.0,0.0,1325.1842366850806,45.0,4.823776102264532e-07,0,3
18,11.5,11.52,76.15999999999993,76.17999999999992,11.51,76.16999999999993,14.090313542484056,11.44816504661772,14.090313542484056,17.341385839159756,0.0,0.0,1023.3303262575486,35.684729407121864,5.073814496665472e-09,0,3
19,11.5,11.52,76.17999999999992,76.19999999999992,11.51,76.18999999999993,15.956882334474258,11.132825865334654,15.111528887945488,15.612695432258588,0.0,0.0,849.9921115049806,41.75000779791357,2.4581036233128407e-11,0,3
20,11.5,11.52,76.19999999999992,76.21999999999991,11.51,76.20999999999992,17.611465718091978,11.238922048445616,14.74588733447815,14.010118537441963,0.0,0.0,831.3608328542439,40.64732095750828,6.481060162217443e-14,0,3
21,11.5,11.52,76.21999999999991,76.23999999999991,11.51,76.22999999999992,17.87695917667638,11.755048026805047,14.697524354210504,12.51896523906002,0.0,0.0,809.3484916381965,45.0,1.0190570077640325e-13,0,3
22,11.5,11.52,76.23999999999991,76.2599999999999,11.51,76.24999999999991,17.518945417345357,12.6310398461163,14.9695154204356,10.896949473389975,0.0,0.0,730.1940089980011,35.518597991102,4.797706973382401e-13,0,3
23,11.5,11.52,76.2599999999999,76.2799999999999,11.51,76.26999999999991,17.427952488431867,13.798529238710886,15.545053958789616,9.500408966987727,0.0,0.0,714.1950750857761,45.0,1.0420524082239853e-12,0,3
24,11.5,11.52,76.2799999999999,76.2999999999999,11.51,76.2899999999999,17.60812050247065,15.190453536140865,16.392197962247344,8.441994962035963,0.0,0.0,778.5834606380909,38.64598093276042,1.0539379416300466e-12,0,3
25,11.5,11.52,76.2999999999999,76.3199999999999,11.51,76.3099999999999,18.0513320166783,16.750957460486376,17.47148379919084,7.859518631274955,0.0,0.0,785.8657903540102,45.0,5.68086370708877e-13,0,3
26,11.5,11.52,76.3199999999999,76.33999999999989,11.51,76.3299999999999,18.606167442518263,18.43728560650216,18.73893187195561,7.859518631272073,0.0,0.0,719.7093987111034,40.597603531707946,3.843040150457629e-13,0,3
27,11.5,11.52,76.33999999999989,76.35999999999989,11.51,76.3499999999999,18.08881121528501,20.217978445470244,19.6452754595474,8.441994962027914,0.0,0.0,715.9781472562366,43.900072181401626,4.2607517850101123e-13,0,3
28,11.5,11.52,76.35999999999989,76.37999999999988,11.51,76.36999999999989,17.824502890696596,22.07020686725622,20.7417074500725,9.500408966975806,0.0,0.0,782.289989338233,42.40525856556679,2.829040707450237e-13,0,3
29,11.5,11.52,76.37999999999988,76.39999999999988,11.51,76.38999999999989,17.824502890695243,23.977398448923072,21.99982517368631,10.896949473375424,0.0,0.0,782.1379602142142,42.27078213052722,8.835088733157458e-14,0,3
30,11.5,11.52,76.39999999999988,76.41999999999987,11.51,76.40999999999988,18.08881121528076,25.92742693821576,23.39355652315744,12.518965239042648,0.0,0.0,715.8334104270848,44.02040130452089,1.2730956041335366e-14,0,3
31,11.52,11.54,75.8,75.82,11.53,75.81,25.331411846097136,15.612038445884812,11.60815901713419,3.509279126235682,0.0,0.0,757.5016156071234,15.584937119578475,1.1644859952869942e-24,0,0
32,11.52,11.54,75.82,75.83999999999999,11.53,75.83,23.15242907711496,14.009628430890746,10.047428301206226,3.113441413723068,33.33333333333333,0.0,927.6418471129912,45.0,3.320386561563875e-20,0,0
33,11.52,11.54,75.83999999999999,75.85999999999999,11.53,75.85,20.97345315265424,12.581607367934748,8.754784237287607,2.223898532891213,100.0,7.286848675262066,827.0491314255191,26.416169992526928,3.7872247406350016e-17,0,0
34,11.52,11.54,75.85999999999999,75.87999999999998,11.53,75.86999999999999,18.794486465769324,11.393735567838348,7.863564751868029,3.113441413722097,100.0,0.0,750.3541081552403,45.0,1.8039507809370334e-14,0,0
35,11.52,11.54,75.87999999999998,75.89999999999998,11.53,75.88999999999999,16.615532663409283,10.430673132149767,7.517913689080439,4.892534687643226,88.88888888888889,0.0,969.7630573508928,35.002950234746926,7.248838055679742e-12,0,0
36,11.52,11.54,75.89999999999998,75.91999999999997,11.53,75.90999999999998,14.43659759267359,9.476910884039242,7.790787762250296,4.497736250800566,55.55555555555556,0.0,1149.1703470747766,45.0,7.239349730637886e-09,0,0
37,11.52,11.54,75.91999999999997,75.93999999999997,11.53,75.92999999999998,12.257691256239998,8.962047134326369,8.623670549497213,2.4463710326896644,33.33333333333333,7.226711788393848,1004.3825972077924,45.0,3.045960008848553e-06,0,0
38,11.52,11.54,75.93999999999997,75.95999999999997,11.53,75.94999999999997,10.07883230407015,8.962047134325864,9.875878975514862,1.111949266445695,11.11111111111111,7.280783630608118,876.0731982503479,45.0,0.0002195367486558,0,0
39,11.52,11.54,75.95999999999997,75.97999999999996,11.53,75.96999999999997,7.90005995739707,9.476910884037808,7.90005995739707,2.4463710326834915,0.0,7.732134885614029,1058.0453375617572,13.97023377792046,0.0009710471139226,0,0
40,11.52,11.54,75.97999999999996,75.99999999999996,11.53,75.98999999999997,5.721473173471152,10.430673132147597,5.721473173471152,4.49773625079385,0.0,0.0,1261.615400288415,45.0,0.0038636238077957,0,0
41,11.52,11.54,75.99999999999996,76.01999999999995,11.53,76.00999999999996,3.5434142561787656,11.716637529681812,3.5434142561787656,6.631073183001359,0.0,0.0,1285.3817917458346,45.0,0.0198999592248641,1,0
42,11.52,11.54,76.01999999999995,76.03999999999995,11.53,76.02999999999996,1.3684061448037257,13.2383457728345,1.3684061448037257,8.786878378805534,0.0,0.0,1460.7261347774977,45.0,0.047599349932063,1,0
43,11.52,11.54,76.03999999999995,76.05999999999995,11.53,76.04999999999995,0.8279539150804754,14.923858522549509,0.8279539150804754,10.951891684855577,0.0,0.0,1917.4414373779164,45.0,0.0524426045016968,1,0
44,11.52,11.54,76.05999999999995,76.07999999999994,11.53,76.06999999999995,2.999116790281769,14.83788430568124,2.999116790281769,13.121555961439224,0.0,0.0,2184.3763782158103,45.0,0.0266134781898721,1,0
45,11.52,11.54,76.07999999999994,76.09999999999994,11.53,76.08999999999995,5.176882927539041,13.231373726259475,5.176882927539041,15.293891901898771,0.0,0.0,1999.740595397294,29.399554463824355,0.0062208994014168,1,0
46,11.52,11.54,76.09999999999994,76.11999999999993,11.53,76.10999999999994,7.355389423402101,11.8097024306816,7.355389423402101,17.46790276907675,0.0,0.0,1740.1383320548885,45.0,0.0006697903378615,0,0
47,11.52,11.54,76.11999999999993,76.13999999999993,11.53,76.12999999999994,9.53412877834961,10.647172079724015,9.53412877834961,19.643032439813325,0.0,0.0,1640.795093495138,45.0,3.3216872676369124e-05,0,3
48,11.52,11.54,76.13999999999993,76.15999999999993,11.53,76.14999999999993,11.33558740577091,9.836099643352329,11.33558740577091,18.099745722664927,0.0,0.0,1410.7279347613835,45.0,7.587745840628987e-07,0,3
49,11.52,11.54,76.15999999999993,76.17999999999992,11.53,76.16999999999993,12.847022010640792,9.303140960278856,12.847022010640792,16.159936988946406,0.0,0.0,979.3825898729948,45.0,7.983644245203582e-09,0,3
50,11.52,11.54,76.17999999999992,76.19999999999992,11.53,76.18999999999993,14.528937531971446,8.912253835290336,12.962235209812732,14.289164474951708,0.0,0.0,767.0741016461059,45.0,3.885997392275716e-11,0,3
51,11.52,11.54,76.19999999999992,76.21999999999991,11.53,76.20999999999992,16.328738328675183,9.044426802897284,12.53408189541524,12.518417201092342,0.0,0.0,880.1966072203294,45.0,3.808100200180269e-12,0,3
52,11.52,11.54,76.21999999999991,76.23999999999991,11.53,76.22999999999992,15.717211793611815,9.678253717491232,12.477152699244844,10.89656859769895,0.0,0.0,889.4437580911956,45.0,3.804131438519135e-11,0,3
53,11.52,11.54,76.23999999999991,76.2599999999999,11.53,76.24999999999991,15.308802402756182,10.725161297061945,12.796403135232795,9.437426295982252,0.0,0.0,676.6963237248352,45.0,1.7917815373549902e-10,0,3
54,11.52,11.54,76.2599999999999,76.2799999999999,11.53,76.26999999999991,15.20459593625922,12.078208707082862,13.465102676128854,7.783399503269293,0.0,0.0,637.2309949072917,45.0,3.8919200544088816e-10,0,3
55,11.52,11.54,76.2799999999999,76.2999999999999,11.53,76.2899999999999,15.410764624629822,13.64663757269436,14.43476740484076,6.449199142041726,0.0,0.0,836.578408762238,45.0,3.942648715765685e-10,0,3
56,11.52,11.54,76.2999999999999,76.3199999999999,11.53,76.3099999999999,15.91525108718178,15.364630130793792,15.649552483247378,5.665474421757718,0.0,0.0,859.4438637547078,45.0,2.16878516772092e-10,0,3
57,11.52,11.54,76.3199999999999,76.33999999999989,11.53,76.3299999999999,16.492467289189708,17.187395130571296,16.691027232137394,5.665474421753721,0.0,0.0,657.4177903696364,45.0,1.5856813376731202e-10,0,3
58,11.52,11.54,76.33999999999989,76.35999999999989,11.53,76.3499999999999,15.90655393066263,19.08493630339357,17.702462678365524,6.449199142031191,0.0,0.0,646.037897201052,45.0,1.8126090095243567e-10,0,3
59,11.52,11.54,76.35999999999989,76.37999999999988,11.53,76.36999999999989,15.60534998831226,21.03702891829818,18.911784723859697,7.783399503254744,0.0,0.0,848.6660518904134,45.0,1.2068362091614514e-10,0,3
60,11.52,11.54,76.37999999999988,76.39999999999988,11.53,76.38999999999989,15.605349988310714,23.029805188161376,20.283629841178268,9.437426295965452,0.0,0.0,848.2019133852498,45.0,3.7699544034362276e-11,0,3
61,11.52,11.54,76.39999999999988,76.41999999999987,11.53,76.40999999999988,15.90655393065779,25.053558971933555,21.78731968120509,11.27134824357032,0.0,0.0,645.5992763789636,45.0,5.433149067156572e-12,0,3
62,11.54,11.56,75.8,75.82,11.55,75.81,25.4162732172294,14.288446045954796,10.308074299989975,4.3577307291433165,0.0,0.0,780.4127913929876,7.071115895937418,7.044484756706764e-25,0,0
63,11.54,11.56,75.82,75.83999999999999,11.55,75.83,23.24540853026896,12.517868242634854,8.512359733633387,2.178865365902061,0.0,7.48277201678937,769.2419409663007,45.0,1.4910351313634095e-20,0,0
64,11.54,11.56,75.83999999999999,75.85999999999999,11.55,75.85,21.076210131829303,10.896187085652118,6.939555809019261,1.768307722471718e-13,22.22222222222222,11.528115372459846,910.8036681482912,36.35047128106014,2.8527616057125523e-16,0,0
65,11.54,11.56,75.85999999999999,75.87999999999998,11.55,75.86999999999999,18.90925149411144,9.499962820530362,5.774763689402917,2.178865365900675,22.22222222222222,10.058301618511472,1090.8467105969153,23.49747635416218,1.305128507683144e-13,0,0
66,11.54,11.56,75.87999999999998,75.89999999999998,11.55,75.88999999999999,16.745402168988242,8.44181421482673,5.294492500066449,4.357730729141931,0.0,0.0,1168.95261280325,45.0,6.435165826064758e-12,0,0
67,11.54,11.56,75.89999999999998,75.91999999999997,11.55,75.90999999999998,14.586046040587751,7.429064841396975,5.675270949216441,5.4881443025720325,0.0,0.0,1212.70524137468,45.0,1.590067823611301e-09,0,0
68,11.54,11.56,75.91999999999997,75.93999999999997,11.55,75.92999999999998,12.43352437116992,6.7600392973654575,6.773407132990024,3.984450072783897,0.0,0.0,1286.1550598450142,45.0,1.9166185197681547e-07,0,0
69,11.54,11.56,75.93999999999997,75.95999999999997,11.55,75.94999999999997,10.292126197041076,6.760039297364787,8.30919263784721,3.335847799336732,0.0,0.0,1274.6563279346865,45.0,1.247104672808599e-05,0,0
70,11.54,11.56,75.95999999999997,75.97999999999996,11.55,75.96999999999997,8.170602146564601,7.429064841395147,8.170602146564601,3.984450072780106,0.0,0.0,1146.1340853112931,43.63322160837527,0.0002491568368477,0,0
71,11.54,11.56,75.97999999999996,75.99999999999996,11.55,75.98999999999997,6.089758765699638,8.612592559881831,6.089758765699638,5.488144302566529,0.0,0.0,1109.3673493202796,45.0,0.0026871375074553,0,0
72,11.54,11.56,75.99999999999996,76.01999999999995,11.55,76.00999999999996,4.111827934318665,10.13189862579244,4.111827934318665,7.338905707316869,0.0,0.0,1294.2925066465573,41.50607172311623,0.0139503605198864,1,0
73,11.54,11.56,76.01999999999995,76.03999999999995,11.55,76.02999999999996,2.4949230342709607,11.858619724075693,2.4949230342709607,9.332484639799585,0.0,0.0,1543.9949553348924,45.0,0.0333662590131006,1,0
74,11.54,11.56,76.03999999999995,76.05999999999995,11.55,76.04999999999995,2.2444816401540084,13.714635482096217,2.2444816401540084,11.394161901493746,0.0,0.0,1702.472864738749,45.0,0.0367610365777129,1,0
75,11.54,11.56,76.05999999999995,76.07999999999994,11.55,76.06999999999995,3.6532587679205326,13.529986377202343,3.6532587679205326,13.49275748054534,0.0,0.0,1814.492437426317,45.0,0.0186563260705936,1,0
76,11.54,11.56,76.07999999999994,76.09999999999994,11.55,76.08999999999995,5.581258485648081,11.746071345274329,5.581258485648081,15.613391888750083,0.0,0.0,1883.5857617409688,45.0,0.0043613670895733,0,0
77,11.54,11.56,76.09999999999994,76.11999999999993,11.55,76.10999999999994,7.08829931330909,10.11793237257905,7.08829931330909,17.748166966347334,0.0,0.0,1760.5365755891469,45.0,0.0004696532235179,0,0
78,11.54,11.56,76.11999999999993,76.13999999999993,11.55,76.12999999999994,8.234435506474249,8.73313356622768,8.234435506474249,19.335280791586296,0.0,0.0,1441.2597016543248,44.22258985775788,2.329647027159835e-05,0,3
79,11.54,11.56,76.13999999999993,76.15999999999993,11.55,76.14999999999993,9.739651432078176,7.723690267283831,9.739651432078176,17.259993757059394,0.0,0.0,1158.216222274594,24.555312111537884,5.323056846441493e-07,0,3
80,11.54,11.56,76.15999999999993,76.17999999999992,11.55,76.16999999999993,11.463360447379024,7.206096674755542,11.463360447379024,15.213641813597972,0.0,0.0,1027.7857890329667,45.0,5.603188980665237e-09,0,3
81,11.54,11.56,76.17999999999992,76.19999999999992,11.55,76.18999999999993,13.321013329147496,6.69389083019224,10.843072731370102,13.209679096467893,0.0,0.0,917.8289790400715,45.0,5.512189741556232e-11,0,3
82,11.54,11.56,76.19999999999992,76.21999999999991,11.55,76.20999999999992,14.37110379151035,6.868871284807973,10.327471803263254,11.27073904279412,0.0,0.0,771.3932274284352,31.25852189111937,6.201227637850303e-10,0,3
83,11.54,11.56,76.21999999999991,76.23999999999991,11.55,76.22999999999992,13.578191035542362,7.684236078911397,10.258309126747935,9.43698615462788,0.0,0.0,721.5653667035483,45.0,6.336847160626556e-09,0,3
84,11.54,11.56,76.23999999999991,76.2599999999999,11.55,76.24999999999991,13.103314946145574,8.966964288756737,10.644290635968035,7.783127221979437,0.0,0.0,786.0036307525173,41.76056542857359,2.9844150820226135e-08,0,3
85,11.54,11.56,76.2599999999999,76.2799999999999,11.55,76.26999999999991,12.981425060042053,10.54790433880453,11.439437259611656,6.387197513339522,0.0,0.0,795.5250618229992,45.0,6.48288986268956e-08,0,3
86,11.54,11.56,76.2799999999999,76.2999999999999,11.55,76.2899999999999,13.222287012774542,12.312716845569255,12.566316527701067,4.669958105814941,0.0,0.0,717.0712383914664,43.18675274086877,6.608381121235101e-08,0,3
87,11.54,11.56,76.2999999999999,76.3199999999999,11.55,76.3099999999999,13.806929214088106,14.19297639304504,13.806929214088106,3.509218859607716,0.0,0.0,707.8817472768567,45.0,4.3630648146983876e-08,0,3
88,11.54,11.56,76.3199999999999,76.33999999999989,11.55,76.3299999999999,14.411971920315407,16.148406547363837,14.69437504405908,3.5092188596012623,0.0,0.0,785.7207323815041,45.0,3.45004131574585e-08,0,3
89,11.54,11.56,76.33999999999989,76.35999999999989,11.55,76.3499999999999,13.737658942417484,18.15473385109698,15.833791856700394,4.669958105800393,0.0,0.0,790.0965427536505,45.0,3.4554541760212755e-08,0,3
90,11.54,11.56,76.35999999999989,76.37999999999988,11.55,76.36999999999989,13.38777212563211,20.19679578822487,17.175104483779773,6.387197513321793,0.0,0.0,711.9484336857918,45.0,2.2961026287582053e-08,0,3
91,11.54,11.56,76.37999999999988,76.39999999999988,11.55,76.38999999999989,13.387772125630306,22.264762077230845,18.67486027041038,8.32333869335813,0.0,0.0,712.1271878873331,45.0,7.1743793354137365e-09,0,3
92,11.54,11.56,76.39999999999988,76.41999999999987,11.55,76.40999999999988,13.73765894241188,24.35203423753938,20.297968877890444,10.356328179472031,0.0,0.0,790.263496372452,45.0,1.0341051196394146e-09,0,3
93,11.56,11.579999999999998,75.8,75.82,11.57,75.81,25.69406273121055,13.208901320317633,9.362418426653196,4.892257799039046,0.0,0.0,802.5191209492433,8.846390632961043,2.1853958714605964e-25,0,0
94,11.56,11.579999999999998,75.82,75.83999999999999,11.57,75.83,23.54898021433897,11.270128813467648,7.33901674348175,3.113332637595572,0.0,0.0,734.0395301004517,45.0,1.794803200094551e-21,0,0
95,11.56,11.579999999999998,75.83999999999999,75.85999999999999,11.57,75.85,21.410720294603305,9.43654527343724,5.436917356808105,2.2238985328910363,0.0,10.442751940765122,1016.9852148583858,45.0,1.138698152745827e-17,0,0
96,11.56,11.579999999999998,75.85999999999999,75.87999999999998,11.57,75.86999999999999,19.28155292761225,7.782854486191102,3.840779825256873,3.1133326375946027,0.0,0.0,1362.1188786196124,45.0,5.4188834368051255e-15,0,0
97,11.56,11.579999999999998,75.87999999999998,75.89999999999998,11.57,75.88999999999999,17.164862040173983,6.448962349019233,3.071762490469856,4.892257799037812,0.0,0.0,1439.2323976667087,45.0,1.992122472489038e-12,0,0
98,11.56,11.579999999999998,75.89999999999998,75.91999999999997,11.57,75.90999999999998,15.065907227391063,5.519204420313283,3.6895088787212,6.904329322585514,0.0,0.0,1463.9227162824377,45.0,4.976206832746975e-10,0,0
99,11.56,11.579999999999998,75.91999999999997,75.93999999999997,11.57,75.92999999999998,12.993286682331435,4.579238259665262,5.2232023271643255,5.971465692683787,0.0,0.0,1628.2198274374127,45.0,5.73706573721648e-08,0,0
100,11.56,11.579999999999998,75.93999999999997,75.95999999999997,11.57,75.94999999999997,10.96194799372049,4.579238259664272,7.102381648692153,5.559746332227944,0.0,0.0,1620.7666335053286,45.0,3.0471840494703564e-06,0,0
101,11.56,11.579999999999998,75.95999999999997,75.97999999999996,11.57,75.96999999999997,8.99988754626184,5.519204420310822,8.99988754626184,5.971465692681258,0.0,0.0,1286.2748950734667,45.0,7.454264735886086e-05,0,0
102,11.56,11.579999999999998,75.97999999999996,75.99999999999996,11.57,75.98999999999997,7.164252583877965,7.031785418748008,7.164252583877965,7.064083253768734,0.0,0.0,1065.6418674795127,45.0,0.0008400949014974,0,0
103,11.56,11.579999999999998,75.99999999999996,76.01999999999995,11.57,76.00999999999996,5.581211488800147,8.827377253285375,5.581211488800147,8.581339540021029,0.0,0.0,1241.6185361797766,45.0,0.0043615538672326,1,0
104,11.56,11.579999999999998,76.01999999999995,76.03999999999995,11.57,76.02999999999996,4.524179012292152,10.765285239260232,4.524179012292152,10.337927773875704,0.0,0.0,1453.0809578942333,45.0,0.0104312490129395,1,0
105,11.56,11.579999999999998,76.03999999999995,76.05999999999995,11.57,76.04999999999995,4.391051957724132,12.773231638315997,4.391051957724132,12.231163441152049,0.0,0.0,1427.758607543639,45.0,0.0114924743531652,1,0
106,11.56,11.579999999999998,76.05999999999995,76.07999999999994,11.57,76.06999999999995,4.45637818666648,12.483977363430572,4.45637818666648,14.206520104922,0.0,0.0,1440.879381690378,45.0,0.0058327442115819,1,0
107,11.56,11.579999999999998,76.07999999999994,76.09999999999994,11.57,76.08999999999995,4.293654292466712,10.524380068173343,4.293654292466712,16.234047970395395,0.0,0.0,1617.5575796188489,45.0,0.0013636863042384,0,0
108,11.56,11.579999999999998,76.09999999999994,76.11999999999993,11.57,76.10999999999994,5.148192907700031,8.66991838419808,5.148192907700031,18.296411092440664,0.0,0.0,1582.529682196359,45.0,0.0001468717228332,0,0
109,11.56,11.579999999999998,76.11999999999993,76.13999999999993,11.57,76.12999999999994,6.638115364915904,7.00459976684413,6.638115364915904,18.81610139783157,0.0,0.0,1217.2444547908838,11.423701209120132,7.286921143634759e-06,0,3
110,11.56,11.579999999999998,76.13999999999993,76.15999999999993,11.57,76.14999999999993,8.433120611375557,5.696786397857701,8.433120611375557,16.67649248034188,0.0,0.0,961.4377382038214,45.0,1.665456196863464e-07,0,3
111,11.56,11.579999999999998,76.15999999999993,76.17999999999992,11.57,76.16999999999993,10.37606539233827,5.03332464459004,9.870270302856284,14.548459164455377,0.0,0.0,999.336036983686,45.0,1.7966739085891016e-09,0,3
112,11.56,11.579999999999998,76.17999999999992,76.19999999999992,11.57,76.18999999999993,12.397588667093494,4.481018836549584,8.775896489876235,12.437944363068318,0.0,0.0,958.8242963647788,45.0,2.0864290164869246e-09,0,3
113,11.56,11.579999999999998,76.19999999999992,76.21999999999991,11.57,76.20999999999992,12.399798806701378,4.738415179562676,8.130288306067591,10.355664608495674,0.0,0.0,715.3205229289156,45.0,4.607321609562959e-08,0,3
114,11.56,11.579999999999998,76.21999999999991,76.23999999999991,11.57,76.22999999999992,11.47149707326129,5.858141463076859,8.042258521183209,8.32283922755205,0.0,0.0,646.466150099356,45.0,4.707760641713221e-07,0,3
115,11.56,11.579999999999998,76.23999999999991,76.2599999999999,11.57,76.24999999999991,10.905308030938968,7.461585536446174,8.529089151447222,6.38686543911864,0.0,0.0,831.6516908100482,45.0,2.216956431940868e-06,0,3
116,11.56,11.579999999999998,76.2599999999999,76.2799999999999,11.57,76.26999999999991,10.758554965828862,9.30187563116778,9.502836776214266,4.669794600708133,0.0,0.0,862.8594848008476,45.0,4.837387965708376e-06,0,3
117,11.56,11.579999999999998,76.2799999999999,76.2999999999999,11.57,76.2899999999999,11.04796498124658,11.263512590205892,10.83298468387449,3.451998891671677,0.0,0.0,665.9680488424844,45.0,5.916708505689091e-06,0,3
118,11.56,11.579999999999998,76.2999999999999,76.3199999999999,11.57,76.3099999999999,11.741329526111722,13.292882883533396,11.741329526111722,1.556625471480399,0.0,6.015962605865767,643.1376933409441,45.0,2.0029231404530992e-05,0,3
119,11.56,11.579999999999998,76.3199999999999,76.33999999999989,11.57,76.3299999999999,12.38143121532886,15.363168568671126,12.773032972490478,1.5566254714658516,0.0,5.582826716553092,840.5166979728288,45.0,1.713284335733796e-05,0,3
120,11.56,11.579999999999998,76.33999999999989,76.35999999999989,11.57,76.3499999999999,11.589630580373283,17.459821159457274,14.06883744055106,3.451998891651997,0.0,0.0,851.623488391631,45.0,3.518846320273316e-06,0,3
121,11.56,11.579999999999998,76.35999999999989,76.37999999999988,11.57,76.36999999999989,11.172707191672249,19.574369833262068,15.562913149722547,5.559021791695493,0.0,0.0,653.5564972135753,45.0,1.948560794496323e-06,0,3
122,11.56,11.579999999999998,76.37999999999988,76.39999999999988,11.57,76.38999999999989,11.172707191670089,21.701583961349964,17.203680054831437,7.705995299960414,0.0,0.0,654.0098630482853,45.0,6.08913415820154e-07,0,3
123,11.56,11.579999999999998,76.39999999999988,76.41999999999987,11.57,76.40999999999988,11.589630580366643,23.83807313259484,18.953079217702623,9.866874735985483,0.0,0.0,852.0493776610479,45.0,8.778093757976552e-08,0,3
124,11.579999999999998,11.599999999999998,75.8,75.82,11.589999999999998,75.81,26.158634755357017,12.437117651649702,8.885088903997662,6.226556308539958,0.0,0.0,809.9762650643612,23.91914616644558,3.0526951323385127e-26,0,0
125,11.579999999999998,11.599999999999998,75.82,75.83999999999999,11.589999999999998,75.83,24.05517254894492,10.354999911549577,6.7196362287590095,4.952744181305544,0.0,0.0,977.878522314474,45.0,1.6979832486066541e-22,0,0
126,11.579999999999998,11.599999999999998,75.83999999999999,75.85999999999999,11.589999999999998,75.85,21.96639859386867,8.322338916264592,4.566634821864739,4.447797065782073,0.0,0.0,1107.9597113988898,45.0,4.380660582598781e-19,0,0
127,11.579999999999998,11.599999999999998,75.85999999999999,75.87999999999998,11.589999999999998,75.86999999999999,19.896939342779586,6.386532805453,2.459010492004009,4.952744181304935,0.0,0.0,1329.184192976007,45.0,5.121103493996278e-16,0,0
128,11.579999999999998,11.599999999999998,75.87999999999998,75.89999999999998,11.589999999999998,75.88999999999999,17.85351256363755,4.669630822925631,0.8551304755761565,6.226556308538988,0.0,0.0,1700.2400837746382,45.0,2.776794273873767e-13,0,0
129,11.579999999999998,11.599999999999998,75.89999999999998,75.91999999999997,11.589999999999998,75.90999999999998,15.846192429457949,3.509170467882641,2.21533298035744,7.905939810196608,0.0,0.0,1961.7748276662096,39.84572908094361,6.946601673850778e-11,0,0
130,11.579999999999998,11.599999999999998,75.91999999999997,75.93999999999997,11.589999999999998,75.92999999999998,13.8906409677748,2.476320667535206,4.309998704179943,8.082846753388033,0.0,0.0,1897.006929962785,45.0,8.005885173777973e-09,0,0
131,11.579999999999998,11.599999999999998,75.93999999999997,75.95999999999997,11.589999999999998,75.94999999999997,12.012168292910529,2.4763206675333778,6.4603725830244825,7.783644865118981,0.0,0.0,1656.1346279853612,45.0,4.250622568458315e-07,0,0
132,11.579999999999998,11.599999999999998,75.95999999999997,75.97999999999996,11.589999999999998,75.96999999999997,10.253226641121536,3.952679970674759,8.624886975740225,8.082846753386164,0.0,0.0,1458.841331938815,45.0,1.0396854069714657e-05,0,0
133,11.579999999999998,11.599999999999998,75.97999999999996,75.99999999999996,11.589999999999998,75.98999999999997,8.68673212769376,5.882746697595088,8.68673212769376,8.920440817182126,0.0,0.0,1286.5098568814567,45.0,0.0001171541195147,0,0
134,11.579999999999998,11.599999999999998,75.99999999999996,76.01999999999995,11.589999999999998,76.00999999999996,7.435332054098382,7.905166193375496,7.435332054098382,10.164186416975856,0.0,0.0,1111.1558033332915,12.805769658853816,0.0006081621503091,0,0
135,11.579999999999998,11.599999999999998,76.01999999999995,76.03999999999995,11.589999999999998,76.02999999999996,6.110102903702624,9.783126900619155,6.110102903702624,11.685104833130186,0.0,0.0,1082.103112264564,45.0,0.0014544118993546,0,0
136,11.579999999999998,11.599999999999998,76.03999999999995,76.05999999999995,11.589999999999998,76.04999999999995,4.114177227118152,11.76513175438697,4.114177227118152,13.389071384415436,0.0,0.0,1231.7987795650283,45.0,0.0016023658251066,0,0
137,11.579999999999998,11.599999999999998,76.05999999999995,76.07999999999994,11.589999999999998,76.06999999999995,2.4517613852295166,11.769889081842967,2.4517613852295166,15.214708608363082,0.0,0.0,1328.366193692217,45.0,0.0008132839967066,0,0
138,11.579999999999998,11.599999999999998,76.07999999999994,76.09999999999994,11.589999999999998,76.08999999999995,2.141820825725612,9.666767918866404,2.141820825725612,17.123143730261496,0.0,0.0,1243.0219367438262,42.61809348912124,0.0001901644793083,0,0
139,11.579999999999998,11.599999999999998,76.09999999999994,76.11999999999993,11.589999999999998,76.10999999999994,3.5574206865900293,7.606172452618357,3.5574206865900293,19.089560281594764,0.0,0.0,1135.746509091852,32.43583009752161,2.048446199188216e-05,0,0
140,11.579999999999998,11.599999999999998,76.11999999999993,76.13999999999993,11.589999999999998,76.12999999999994,5.496787273121329,5.634949983767401,5.496787273121329,18.55073265005932,0.0,0.0,1105.197477583687,45.0,1.0165613926478274e-06,0,3
141,11.579999999999998,11.599999999999998,76.13999999999993,76.15999999999993,11.589999999999998,76.14999999999993,7.567409168054235,3.891376099480089,7.567409168054235,16.376655521950905,0.0,0.0,1017.4265639362802,45.0,2.3256153220416557e-08,0,3
142,11.579999999999998,11.599999999999998,76.15999999999993,76.17999999999992,11.589999999999998,76.16999999999993,9.685467225721885,2.8327194257441293,8.17045623253458,14.203938326000705,0.0,0.0,837.702665888542,19.082403558910176,1.676782089302312e-09,0,3
143,11.579999999999998,11.599999999999998,76.17999999999992,76.19999999999992,11.589999999999998,76.18999999999993,11.82550006288505,2.289614492789667,6.808225941039002,12.033317740074605,0.0,0.0,750.9701401380667,45.0,6.887622698437317e-08,0,3
144,11.579999999999998,11.599999999999998,76.19999999999992,76.21999999999991,11.589999999999998,76.20999999999992,10.529617418466582,2.759567584409197,5.952978350265372,9.86617767726021,0.0,0.0,804.9433281306596,45.0,1.526806423524698e-06,0,3
145,11.579999999999998,11.599999999999998,76.21999999999991,76.23999999999991,11.589999999999998,76.22999999999992,9.418846345372538,4.413570762440224,5.832185475887343,7.70545537781419,0.0,0.0,810.7842030612396,45.0,1.559832419654901e-05,0,3
146,11.579999999999998,11.599999999999998,76.23999999999991,76.2599999999999,11.589999999999998,76.24999999999991,8.720439955758064,6.390267234912204,6.487006168529218,5.55863993087245,0.0,0.0,717.2545651404669,44.47399229922365,7.34558187985585e-05,0,3
147,11.579999999999998,11.599999999999998,76.2599999999999,76.2799999999999,11.589999999999998,76.26999999999991,8.536220631798248,8.466577733847496,7.722599045336785,3.4517775137274183,0.0,0.0,699.9956715377568,45.0,0.0001927801040099,0,3
148,11.579999999999998,11.599999999999998,76.2799999999999,76.2999999999999,11.589999999999998,76.2899999999999,8.898181581185225,10.584038751448553,8.898181581185225,1.556570924334698,0.0,7.652022365690763,788.3150706062676,45.0,0.0011531782173432,0,3
149,11.579999999999998,11.599999999999998,76.2999999999999,76.3199999999999,11.589999999999998,76.3099999999999,9.74565499706202,12.722119652066931,9.74565499706202,1.5565709243211214,33.33333333333333,7.078251713995978,798.452553645752,45.0,0.0027905027328186,0,3
150,11.579999999999998,11.599999999999998,76.3199999999999,76.33999999999989,11.589999999999998,76.3299999999999,10.430061850673887,14.871929757962723,10.96665537921889,1.5565982092539303,33.33333333333333,6.388116269851548,709.008964563593,45.0,0.0025815050030302,0,3
151,11.579999999999998,11.599999999999998,76.33999999999989,76.35999999999989,11.589999999999998,76.3499999999999,9.476668679610448,17.029027419462196,12.451781076655474,3.451888249593975,0.0,0.0,703.9710366887675,45.0,0.0001329278802801,0,3
152,11.579999999999998,11.599999999999998,76.35999999999989,76.37999999999988,11.589999999999998,76.36999999999989,8.962018676989256,19.190955382250056,14.11792323512178,5.558830942415122,0.0,0.0,793.6840621556742,45.0,7.374255360532095e-05,0,3
153,11.579999999999998,11.599999999999998,76.37999999999988,76.39999999999988,11.589999999999998,76.38999999999989,8.962018676986562,21.35624674965508,15.908307372656347,7.705725453697428,0.0,0.0,793.4785754470381,45.0,2.30488701452233e-05,0,3
154,11.579999999999998,11.599999999999998,76.39999999999988,76.41999999999987,11.589999999999998,76.40999999999988,9.476668679602328,23.52397276537524,17.785452276654414,9.866526354900428,0.0,0.0,703.7769203607818,45.0,3.3232131412225405e-06,0,3
155,11.599999999999998,11.619999999999996,75.8,75.82,11.609999999999998,75.81,26.800277650412728,12.0324625318936,8.951322465576483,7.96851732640415,0.0,0.0,813.4496114511827,28.56116393262024,1.9053577074185758e-27,0,0
156,11.599999999999998,11.619999999999996,75.82,75.83999999999999,11.609999999999998,75.83,24.751557312857056,9.8654794322465,6.807150732282742,7.0184014363773874,0.0,0.0,1067.348031378843,45.0,1.0575828815346667e-23,0,0
157,11.599999999999998,11.619999999999996,75.83999999999999,75.85999999999999,11.609999999999998,75.85,22.72702806074636,7.704914537109023,4.694644244350239,6.671695598673286,0.0,0.0,1145.093658217647,45.0,2.7044739712040734e-20,0,0
158,11.599999999999998,11.619999999999996,75.85999999999999,75.87999999999998,11.609999999999998,75.86999999999999,20.7337774608817,5.558257420915631,2.689484052658021,7.018401436376958,0.0,0.0,1325.449819937546,45.0,3.1862600249614414e-17,0,0
159,11.599999999999998,11.619999999999996,75.87999999999998,75.89999999999998,11.609999999999998,75.88999999999999,18.78176668491091,3.451555760479038,1.3849984947512015,7.968517326403392,0.0,0.0,1805.5137584597844,45.0,1.7294582986185127e-14,0,0
160,11.599999999999998,11.619999999999996,75.89999999999998,75.91999999999997,11.609999999999998,75.90999999999998,16.885304287436256,1.5565162863014932,2.468678531139524,9.339670822282914,0.0,0.0,2153.9910096182502,45.0,4.3248327998787226e-12,0,0
161,11.599999999999998,11.619999999999996,75.91999999999997,75.93999999999997,11.609999999999998,75.92999999999998,15.065382548996023,1.0891989400300444,4.445422705193824,10.241966107251098,0.0,0.0,2005.7464983352456,22.6845031767134,4.982632609684449e-10,0,0
162,11.599999999999998,11.619999999999996,75.93999999999997,75.95999999999997,11.609999999999998,75.94999999999997,13.353333347757705,1.0891989400258877,6.551369992322161,10.007543398010194,0.0,0.0,1675.0251805229086,45.0,2.644714205732684e-08,0,0
163,11.599999999999998,11.619999999999996,75.95999999999997,75.97999999999996,11.609999999999998,75.96999999999997,11.796218952019537,3.113005218412429,8.693122041091558,10.241966107249624,0.0,0.0,1514.9015195636673,45.0,6.467390662944829e-07,0,0
164,11.599999999999998,11.619999999999996,75.97999999999996,75.99999999999996,11.609999999999998,75.98999999999997,10.132027351649672,4.89142432040403,10.132027351649672,10.915067766890724,0.0,0.0,1341.0614972566443,45.0,7.28635757625701e-06,0,0
165,11.599999999999998,11.619999999999996,75.99999999999996,76.01999999999995,11.609999999999998,76.00999999999996,7.954290199343591,6.903000491913563,7.954290199343591,11.952967356879066,0.0,0.0,1013.780515459898,19.20047785253557,3.782033491142266e-05,0,0
166,11.599999999999998,11.619999999999996,76.01999999999995,76.03999999999995,11.609999999999998,76.02999999999996,5.77705714789066,8.992605467823953,5.77705714789066,13.2703444741353,0.0,0.0,867.6897422712485,45.0,9.044494990825378e-05,0,0
167,11.599999999999998,11.619999999999996,76.03999999999995,76.05999999999995,11.609999999999998,76.04999999999995,3.601242639140259,11.116323297014604,3.601242639140259,14.792719346889768,0.0,0.0,1051.1212449698828,45.0,9.966265715586438e-05,0,0
168,11.599999999999998,11.619999999999996,76.05999999999995,76.07999999999994,11.609999999999998,76.06999999999995,1.4333214726403958,11.4499923987747,1.4333214726403958,16.46332099141443,0.0,0.0,1159.6956188280649,45.0,5.062471811725428e-05,0,0
169,11.599999999999998,11.619999999999996,76.07999999999994,76.09999999999994,11.609999999999998,76.08999999999995,0.7942134711614999,9.274786821369764,0.7942134711614999,18.2414697702233,0.0,0.0,980.4157421829824,39.50109037859207,1.187674133380281e-05,0,0
170,11.599999999999998,11.619999999999996,76.09999999999994,76.11999999999993,11.609999999999998,76.10999999999994,2.9492443667002832,7.101526544837007,2.9492443667002832,20.09864147917725,0.0,0.0,864.947825517417,45.0,1.2972157501131168e-06,0,0
171,11.599999999999998,11.619999999999996,76.11999999999993,76.13999999999993,11.609999999999998,76.12999999999994,5.1240816049639575,4.932783409316928,5.1240816049639575,18.55007044221072,0.0,0.0,982.7593688802092,45.0,6.81418854942365e-08,0,3
172,11.599999999999998,11.619999999999996,76.13999999999993,76.15999999999993,11.609999999999998,76.14999999999993,7.301046831147771,2.779152640517859,7.301046831147771,16.376071519353076,0.0,0.0,984.7562879558568,45.0,2.1288231696283663e-09,0,3
173,11.599999999999998,11.619999999999996,76.15999999999993,76.17999999999992,11.609999999999998,76.16999999999993,9.15161491752413,0.7782615609401728,6.780997043715668,14.20343257665114,0.0,0.0,750.6573528413788,45.0,2.1210010935398643e-08,0,3
174,11.599999999999998,11.619999999999996,76.17999999999992,76.19999999999992,11.609999999999998,76.18999999999993,10.046175320834244,0.5445994700422545,5.057565624628158,12.032890317629173,0.0,0.0,662.6202858704947,45.0,1.0181616639240278e-06,0,3
175,11.599999999999998,11.619999999999996,76.19999999999992,76.21999999999991,11.609999999999998,76.20999999999992,8.825084803227874,1.6337984099310765,3.8295905452200913,9.865828703034344,0.0,0.0,831.3587062784104,45.0,2.2565349885907405e-05,0,3
176,11.599999999999998,11.619999999999996,76.21999999999991,76.23999999999991,11.609999999999998,76.22999999999992,7.464953846164251,3.812196287887349,3.638997396363057,7.7051850722780495,0.0,0.0,867.6436088562866,45.0,0.0002304962900869,0,3
177,11.599999999999998,11.619999999999996,76.23999999999991,76.2599999999999,11.609999999999998,76.24999999999991,6.561848207238145,5.990594161141768,4.616122287651877,5.558448757032899,0.0,0.0,675.6498929496067,45.0,0.0010853486967919,0,3
178,11.599999999999998,11.619999999999996,76.2599999999999,76.2799999999999,11.609999999999998,76.26999999999991,6.3149877082550585,8.168992027005382,6.23414889745072,3.4516666840168053,0.0,0.0,641.478642656645,45.0,0.0028489384866946,0,3
179,11.599999999999998,11.619999999999996,76.2799999999999,76.2999999999999,11.609999999999998,76.2899999999999,6.796262908603468,10.347389882790624,6.796262908603468,1.556543616679802,0.0,9.577619181989489,832.1160077209872,45.0,0.0170877208637958,1,3
180,11.599999999999998,11.619999999999996,76.2999999999999,76.3199999999999,11.609999999999998,76.3099999999999,7.873259246708731,12.52578772580992,7.873259246708731,1.5565436166662263,66.66666666666666,8.483740451321347,854.0956169056199,45.0,0.0196163807830066,1,3
181,11.599999999999998,11.619999999999996,76.3199999999999,76.33999999999989,11.609999999999998,76.3299999999999,8.611851626615636,14.70418555337432,9.34216969478322,3.451666683997128,88.88888888888889,0.0,661.8877424073737,45.0,0.0014245801305012,0,3
182,11.599999999999998,11.619999999999996,76.33999999999989,76.35999999999989,11.609999999999998,76.3499999999999,7.428755618468984,16.882583362799007,11.047758130870696,4.669712745885533,11.11111111111111,0.0,651.0661001858615,45.0,0.0031100724451403,0,3
183,11.599999999999998,11.619999999999996,76.35999999999989,76.37999999999988,11.609999999999998,76.36999999999989,6.7600015396021655,19.06098115139502,12.896460224794351,6.386699192196497,0.0,0.0,843.8925883986218,45.0,0.0012445226202652,0,3
184,11.599999999999998,11.619999999999996,76.37999999999988,76.39999999999988,11.609999999999998,76.38999999999989,6.760001539598593,21.239378916474774,14.83486819021569,8.322589177569553,0.0,0.0,843.4510505458276,45.0,0.0003891047780359,0,3
185,11.599999999999998,11.619999999999996,76.39999999999988,76.41999999999987,11.609999999999998,76.40999999999988,7.428755618458624,23.41777665534929,16.832018391319924,10.06662283754383,0.0,0.0,650.6500079713086,45.0,5.610978800967051e-05,0,3
186,11.619999999999996,11.639999999999995,75.8,75.82,11.629999999999995,75.81,27.606647555624697,12.03203438289768,9.549816016453438,9.905351135906656,0.0,0.0,815.9324600050023,18.645471163171944,5.303905737124959e-29,0,0
187,11.619999999999996,11.639999999999995,75.82,75.83999999999999,11.629999999999995,75.83,25.622631759671226,9.865129864924077,7.577106103032064,9.15847648369414,0.0,0.0,844.978620606929,45.0,2.942155317292273e-25,0,0
188,11.619999999999996,11.639999999999995,75.83999999999999,75.85999999999999,11.629999999999995,75.85,23.67286115790466,7.704643772334861,5.754707924733514,8.895594131564323,0.0,0.0,1109.8325586153417,45.0,7.519516845320139e-22,0,0
189,11.619999999999996,11.639999999999995,75.85999999999999,75.87999999999998,11.629999999999995,75.86999999999999,21.76654040176447,5.558065922543174,4.2791781074463415,9.15847648369381,0.0,0.0,1461.9651501164317,45.0,8.854602090550402e-19,0,0
190,11.619999999999996,11.639999999999995,75.87999999999998,75.89999999999998,11.629999999999995,75.88999999999999,19.91615012239034,3.4514447431338167,3.60508569918516,9.905351135906049,0.0,0.0,1690.1918280877137,45.0,4.804010889336394e-16,0,0
191,11.619999999999996,11.639999999999995,75.89999999999998,75.91999999999997,11.629999999999995,75.90999999999998,18.13881527796268,1.556488933212403,4.143971065887385,11.038408569769604,0.0,0.0,1827.6524356773407,45.0,1.200879011361536e-13,0,0
192,11.619999999999996,11.639999999999995,75.91999999999997,75.93999999999997,11.629999999999995,75.92999999999998,16.458220844464112,1.1119492664460486,5.553280574935377,12.423959788604728,0.0,0.0,1908.2618875843943,45.0,1.3831655008829411e-11,0,0
193,11.619999999999996,11.639999999999995,75.93999999999997,75.95999999999997,11.629999999999995,75.94999999999997,14.69098321464416,4.190523770777463e-12,7.34819227280379,12.23144193090123,0.0,0.0,1770.29573517117,45.0,7.341940618630534e-10,0,0
194,11.619999999999996,11.639999999999995,75.95999999999997,75.97999999999996,11.629999999999995,75.96999999999997,12.54831168452912,2.178241520102618,9.308249549888812,12.423959788603511,0.0,0.0,1392.1884495718568,45.0,1.7974611689586568e-08,0,0
195,11.619999999999996,11.639999999999995,75.97999999999996,75.99999999999996,11.629999999999995,75.98999999999997,10.420435950947562,4.3564830375128825,10.420435950947562,12.984398028598507,0.0,0.0,1069.1504054500024,42.7118039072031,2.036599361057237e-07,0,0
196,11.619999999999996,11.639999999999995,75.99999999999996,76.01999999999995,11.629999999999995,76.00999999999996,8.318717802741617,6.534724549530123,8.318717802741617,13.86822330537912,0.0,0.0,985.1632875236788,45.0,1.083288772918262e-06,0,0
197,11.619999999999996,11.639999999999995,76.01999999999995,76.03999999999995,11.629999999999995,76.02999999999996,6.269518940739943,8.71296605345783,6.269518940739943,15.018450424753365,0.0,0.0,962.5187245971008,45.0,2.858988792821733e-06,0,0
198,11.619999999999996,11.639999999999995,76.03999999999995,76.05999999999995,11.629999999999995,76.04999999999995,4.347745525614617,10.8912075465981,4.347745525614617,16.379050599494104,0.0,0.0,858.7633993222261,23.38902515840957,4.414126908475647e-06,0,0
199,11.619999999999996,11.639999999999995,76.05999999999995,76.07999999999994,11.629999999999995,76.06999999999995,2.826506006377109,11.55706717164805,2.826506006377109,17.902121482617336,0.0,0.0,816.529263116327,45.0,4.983752797393076e-06,0,0
200,11.619999999999996,11.639999999999995,76.07999999999994,76.09999999999994,11.629999999999995,76.08999999999995,2.562343253353427,9.406826328430574,2.562343253353427,19.54972680160559,0.0,0.0,904.11253471753,45.0,3.90914741622551e-06,0,0
201,11.619999999999996,11.639999999999995,76.09999999999994,76.11999999999993,11.629999999999995,76.10999999999994,3.8252178231177343,7.27330354466388,3.8252178231177343,20.961545908366727,0.0,0.0,925.5312734492906,45.0,1.6861953316799874e-06,0,0
202,11.619999999999996,11.639999999999995,76.11999999999993,76.13999999999993,11.629999999999995,76.12999999999994,5.673552811341184,5.177208748417478,5.673552811341184,18.81414272520775,0.0,0.0,803.1471471550443,26.425325027128405,3.525822801063086e-07,0,3
203,11.619999999999996,11.639999999999995,76.13999999999993,76.15999999999993,11.629999999999995,76.14999999999993,6.506670796897117,3.193120670738156,6.506670796897117,16.674771914897814,0.0,0.0,739.2104071044437,45.0,3.5747075533758695e-08,0,3
204,11.619999999999996,11.639999999999995,76.15999999999993,76.17999999999992,11.629999999999995,76.16999999999993,7.072596960080686,1.7257084892743564,5.92443528353572,14.54697779718368,0.0,0.0,811.6087610187051,45.0,1.411841538243368e-07,0,3
205,11.619999999999996,11.639999999999995,76.17999999999992,76.19999999999992,11.629999999999995,76.18999999999993,8.197193158967305,0.7782410461125826,3.8337250749861513,12.436703770142715,0.0,0.0,825.2654039079555,45.0,6.7126788432847205e-06,0,3
206,11.619999999999996,11.639999999999995,76.19999999999992,76.21999999999991,11.629999999999995,76.20999999999992,7.401543545865637,2.759498213085976,1.9455141880015816,10.35466714089332,0.0,0.0,719.513803105691,44.70407188996658,0.0001487382384031,0,3
207,11.619999999999996,11.639999999999995,76.21999999999991,76.23999999999991,11.629999999999995,76.22999999999992,5.712079607701785,4.413334610967748,1.536771290174559,8.322088443617488,0.0,0.0,692.685509729246,45.0,0.0015190510600428,0,3
208,11.619999999999996,11.639999999999995,76.23999999999991,76.2599999999999,11.629999999999995,76.24999999999991,4.467782432955492,6.389864468628722,3.2291437851850127,6.386366278864755,0.0,0.0,790.2431806697036,45.0,0.0071513229284632,1,3
209,11.619999999999996,11.639999999999995,76.2599999999999,76.2799999999999,11.629999999999995,76.26999999999991,4.096648165853326,8.466012455678293,4.096648165853326,4.6695488318075045,0.0,0.0,807.1722275101681,45.0,0.0156103093693966,1,3
210,11.619999999999996,11.639999999999995,76.2799999999999,76.2999999999999,11.629999999999995,76.2899999999999,4.805433637061498,10.583313240789352,4.805433637061498,3.509158345185249,0.0,0.0,707.0777961099242,45.0,0.0187845057571123,1,3
211,11.619999999999996,11.639999999999995,76.2999999999999,76.3199999999999,11.629999999999995,76.3099999999999,6.236191030839471,12.721235179296285,6.236191030839471,3.509158345179227,11.11111111111111,0.0,695.5052001893187,45.0,0.0198411338998371,1,3
212,11.619999999999996,11.639999999999995,76.3199999999999,76.33999999999989,11.629999999999995,76.3299999999999,7.03087715934541,14.870887083703527,8.011003964239546,4.66954883179296,88.88888888888889,0.0,796.1429183486833,45.0,0.0087426261763481,1,3
213,11.619999999999996,11.639999999999995,76.33999999999989,76.35999999999989,11.629999999999995,76.3499999999999,5.518787848522897,17.027827030112253,9.947387101166392,6.386366278847031,66.66666666666666,0.0,801.8075114201549,45.0,0.0261632157352236,1,3
214,11.619999999999996,11.639999999999995,76.35999999999989,76.37999999999988,11.629999999999995,76.36999999999989,4.579182474744631,19.189597606002422,11.96716571609794,7.782717947882881,0.0,0.0,700.8328135367517,45.0,0.0093683714424756,1,3
215,11.619999999999996,11.639999999999995,76.37999999999988,76.39999999999988,11.629999999999995,76.38999999999989,4.579182474739358,21.3547318177458,14.034379918738768,7.85945370609054,0.0,0.0,701.0639847091112,45.0,0.0029295860078167,0,3
216,11.619999999999996,11.639999999999995,76.39999999999988,76.41999999999987,11.629999999999995,76.40999999999988,5.518787848508953,23.52230084655968,16.130802929620845,7.859453706086892,0.0,0.0,802.0250253936883,45.0,0.000422514390666,0,3
217,11.639999999999995,11.659999999999997,75.8,75.82,11.649999999999997,75.81,26.97759675851097,12.435874955563133,10.590714849719662,11.94261871185027,0.0,0.0,802.2107198976959,14.799576012718788,6.620588487230612e-31,0,0
218,11.639999999999995,11.659999999999997,75.82,75.83999999999999,11.649999999999997,75.83,25.32029211973916,10.354000755234976,8.85320385287817,11.33088139846872,0.0,0.0,741.864755675708,45.0,3.6536329780959845e-27,0,0
219,11.639999999999995,11.659999999999997,75.83999999999999,75.85999999999999,11.649999999999997,75.85,23.74713749566127,8.321586864321326,7.354256573591163,11.119492664455535,0.0,0.0,1016.925496902572,45.0,9.332545653210016e-24,0,0
220,11.639999999999995,11.659999999999997,75.85999999999999,75.87999999999998,11.649999999999997,75.86999999999999,22.275968348875484,6.38603280618284,6.267444057750036,11.330881398468454,0.0,0.0,1354.2244825092837,45.0,1.1011020593875883e-20,0,0
221,11.639999999999995,11.659999999999997,75.87999999999998,75.89999999999998,11.649999999999997,75.88999999999999,20.928303163333272,4.495923604657127,5.828079815366261,11.942618711849764,0.0,0.0,1438.8696184061885,45.0,6.035614700603239e-18,0,0
222,11.639999999999995,11.659999999999997,75.89999999999998,75.91999999999997,11.649999999999997,75.90999999999998,19.41201138195875,2.4455379058569595,6.175926467200608,12.897865030156606,0.0,0.0,1467.9795212782965,45.0,1.576633795800357e-15,0,0
223,11.639999999999995,11.659999999999997,75.91999999999997,75.93999999999997,11.649999999999997,75.92999999999998,17.305676515410962,1.1119492664451645,7.197743756090504,14.127109225450004,0.0,0.0,1615.1752934927038,45.0,2.1510362717201466e-13,0,0
224,11.639999999999995,11.659999999999997,75.93999999999997,75.95999999999997,11.649999999999997,75.94999999999997,15.219600256835092,2.223898532890683,8.658109298044117,14.455340463792444,0.0,0.0,1579.131982326499,45.0,1.900020028481921e-11,0,0
225,11.639999999999995,11.659999999999997,75.95999999999997,75.97999999999996,11.649999999999997,75.96999999999997,13.163417610732951,3.112895715199011,10.373432022690206,14.618588608312846,0.0,0.0,1204.974789188836,38.44276079640044,1.2550796697033891e-09,0,0
226,11.639999999999995,11.659999999999997,75.97999999999996,75.99999999999996,11.649999999999997,75.98999999999997,11.153673547093303,4.891145556773066,11.153673547093303,15.097745785402005,0.0,0.0,899.3645454297744,45.0,5.2109816406345444e-08,0,0
227,11.639999999999995,11.659999999999997,75.99999999999996,76.01999999999995,11.649999999999997,76.00999999999996,9.220783232542331,6.9025560472555805,9.220783232542331,15.864212951129185,0.0,0.0,924.8964796361272,45.0,1.1112480408893592e-06,0,0
228,11.639999999999995,11.659999999999997,76.01999999999995,76.03999999999995,11.649999999999997,76.02999999999996,7.425011304283855,8.991998943501464,7.425011304283855,16.878895315065233,0.0,0.0,954.2207670466383,45.0,1.12400839838987e-05,0,0
229,11.639999999999995,11.659999999999997,76.03999999999995,76.05999999999995,11.649999999999997,76.04999999999995,5.893070683842048,10.527182916431242,5.893070683842048,18.10009643984804,0.0,0.0,768.9170074288669,43.0947022061091,5.2774372243477416e-05,0,0
230,11.639999999999995,11.659999999999997,76.05999999999995,76.07999999999994,11.649999999999997,76.06999999999995,4.880093356746879,10.06660584457064,4.880093356746879,19.48903293069016,0.0,0.0,681.2717180547529,45.0,0.0001144178608526,0,0
231,11.639999999999995,11.659999999999997,76.07999999999994,76.09999999999994,11.649999999999997,76.08999999999995,4.732005936197371,10.042237548048044,4.732005936197371,20.381549137801347,0.0,0.0,847.8466961545778,45.0,0.000114404569587,0,0
232,11.639999999999995,11.659999999999997,76.09999999999994,76.11999999999993,11.649999999999997,76.10999999999994,5.518875711658333,8.078468600938995,5.518875711658333,21.29170370153957,0.0,0.0,914.1622015183162,45.0,5.274063486173767e-05,0,0
233,11.639999999999995,11.659999999999997,76.11999999999993,76.13999999999993,11.649999999999997,76.12999999999994,4.505644396260108,6.258280602844122,4.505644396260108,19.332103896743888,0.0,0.0,728.9996484059185,45.0,1.1209122509870669e-05,0,3
234,11.639999999999995,11.659999999999997,76.13999999999993,76.15999999999993,11.649999999999997,76.14999999999993,4.300969548314201,4.717803060958366,4.300969548314201,17.257223012563134,0.0,0.0,653.5339694838501,45.0,1.1022932648211569e-06,0,3
235,11.639999999999995,11.659999999999997,76.15999999999993,76.17999999999992,11.649999999999997,76.16999999999993,5.116898340682463,3.224354972421776,5.116898340682463,15.2112807542847,0.0,0.0,821.7952117634095,45.0,4.604270050910019e-07,0,3
236,11.639999999999995,11.659999999999997,76.17999999999992,76.19999999999992,11.649999999999997,76.18999999999993,6.584357228105523,2.832706274651545,3.702347116857936,13.207732191567152,0.0,0.0,869.2074063109003,45.0,1.973870642719789e-05,0,3
237,11.639999999999995,11.659999999999997,76.19999999999992,76.21999999999991,11.649999999999997,76.20999999999992,6.447869276808965,3.891136759940128,1.6720455656935689,11.269211541297247,0.0,0.0,685.2964064050141,45.0,0.0004372458628064,0,3
238,11.639999999999995,11.659999999999997,76.21999999999991,76.23999999999991,11.649999999999997,76.22999999999992,4.406996600386096,5.634414458593188,1.171528603087672,9.435882564736197,0.0,0.0,640.9696276122032,45.0,0.0044648127434935,1,3
239,11.639999999999995,11.659999999999997,76.23999999999991,76.2599999999999,11.649999999999997,76.24999999999991,2.5991838992560194,7.460895650349698,2.5991838992560194,7.782444530536139,0.0,0.0,823.6072926658148,45.0,0.0210172046069102,1,3
240,11.639999999999995,11.659999999999997,76.2599999999999,76.2799999999999,11.649999999999997,76.26999999999991,1.8914100541302967,9.300846574938763,1.8914100541302967,6.448784241198142,0.0,0.0,855.6055209505303,45.0,0.0456847886145706,1,3
241,11.639999999999995,11.659999999999997,76.2799999999999,76.2999999999999,11.649999999999997,76.2899999999999,3.144303452876151,11.262149066263214,3.144303452876151,5.665421945923856,0.0,0.0,670.4865657924867,45.0,0.0470126470570419,1,3
242,11.639999999999995,11.659999999999997,76.2999999999999,76.3199999999999,11.649999999999997,76.3099999999999,5.067878603860891,13.291189843134898,5.067878603860891,5.665421945920127,0.0,0.0,649.1055959239709,45.0,0.0308532216047272,1,3
243,11.639999999999995,11.659999999999997,76.3199999999999,76.33999999999989,11.649999999999997,76.3299999999999,5.881660121238499,15.36114983750801,7.139165212639,6.448784241187611,33.33333333333333,0.0,835.4207201467328,45.0,0.1464560195506746,1,3
244,11.639999999999995,11.659999999999997,76.33999999999989,76.35999999999989,11.649999999999997,76.3499999999999,3.952097809684666,17.45747954171752,9.25956280002728,7.781758999850676,100.0,0.0,845.9088507586482,45.0,0.0342375510919026,1,3
245,11.639999999999995,11.659999999999997,76.35999999999989,76.37999999999988,11.649999999999997,76.36999999999989,2.47621742410769,19.57170738496988,11.4017044038745,6.448486418036284,33.33333333333333,0.0,658.9787859865639,45.0,0.1283209733705914,1,3
246,11.639999999999995,11.659999999999997,76.37999999999988,76.39999999999988,11.649999999999997,76.38999999999989,2.4762174240979413,21.69860221265201,13.5552853127548,5.665384279625295,0.0,0.0,659.4067722255688,45.0,0.0098378319629692,1,3
247,11.639999999999995,11.659999999999997,76.39999999999988,76.41999999999987,11.649999999999997,76.40999999999988,3.952097809665197,23.834773243621044,15.71560348095959,5.665384279620235,0.0,0.0,846.3117808308396,45.0,0.0014190495818969,0,3
248,11.659999999999997,11.679999999999996,75.8,75.82,11.669999999999996,75.81,25.638481652481005,13.206951129573088,11.95905260138174,14.036657368985042,0.0,0.0,774.5364664042418,13.302773779553126,7.647913680254275e-30,0,0
249,11.659999999999997,11.679999999999996,75.82,75.83999999999999,11.669999999999996,75.83,23.888584635642683,11.26859874122976,10.45166712941274,13.520040828839775,0.0,0.0,901.7832253391186,45.0,5.5284139447626026e-27,0,0
250,11.659999999999997,11.679999999999996,75.83999999999999,75.85999999999999,11.669999999999996,75.85,22.214396336135003,9.328987462173728,9.21655922428004,13.343391197346572,0.0,0.0,908.9969802343568,36.46942874484766,1.9802339600000272e-24,0,0
251,11.659999999999997,11.679999999999996,75.85999999999999,75.87999999999998,11.669999999999996,75.86999999999999,20.634353100779155,7.336404217108145,8.375069772535205,13.520040828839551,0.0,0.0,958.2252918831437,45.0,8.618840899248381e-22,0,0
252,11.659999999999997,11.679999999999996,75.87999999999998,75.89999999999998,11.669999999999996,75.88999999999999,19.17174603842144,5.486657658992336,8.05157345727471,14.03665736898461,0.0,0.0,1177.16895836911,45.0,1.2558751949170589e-18,0,0
253,11.659999999999997,11.679999999999996,75.89999999999998,75.91999999999997,11.669999999999996,75.90999999999998,17.855457420484214,3.983938187007989,8.306809754061861,14.85782039255809,0.0,0.0,1339.284048470219,45.0,1.2874405231940037e-15,0,0
254,11.659999999999997,11.679999999999996,75.91999999999997,75.93999999999997,11.669999999999996,75.92999999999998,16.720079806398367,3.335847799336201,9.092169880232378,15.936522019127375,0.0,0.0,1251.6950447992256,45.0,6.273173493541742e-13,0,0
255,11.659999999999997,11.679999999999996,75.93999999999997,75.95999999999997,11.669999999999996,75.94999999999997,15.375518455252722,3.983938187004202,10.286944618916214,16.67923899668348,0.0,0.0,1095.2587645755068,43.745700026556776,1.4151859010801027e-10,0,0
256,11.659999999999997,11.679999999999996,75.95999999999997,75.97999999999996,11.669999999999996,75.96999999999997,13.411822603415596,4.952469316540832,11.76707769840989,16.820907762448833,0.0,0.0,1052.678406197288,45.0,1.473218951736854e-08,0,0
257,11.659999999999997,11.679999999999996,75.97999999999996,75.99999999999996,11.669999999999996,75.98999999999997,11.525286639655542,6.22568173668149,11.525286639655542,16.99599368992543,0.0,0.0,990.1322619094104,45.0,7.072117330859052e-07,0,0
258,11.659999999999997,11.679999999999996,75.99999999999996,76.01999999999995,11.669999999999996,76.00999999999996,9.760753441495142,7.904389978561068,9.760753441495142,16.71473039495778,0.0,0.0,811.7162750649221,9.524392567536417,1.5652756514540792e-05,0,0
259,11.659999999999997,11.679999999999996,76.01999999999995,76.03999999999995,11.669999999999996,76.02999999999996,8.19739059652118,9.498615510059144,8.19739059652118,16.714730394957417,0.0,0.0,713.9617246210128,45.0,0.0001597258501182,0,0
260,11.659999999999997,11.679999999999996,76.03999999999995,76.05999999999995,11.669999999999996,76.04999999999995,6.971868243568632,8.441268407291993,6.971868243568632,16.995993689924102,0.0,0.0,797.048903424904,37.2515756715797,0.0007514477485317,0,0
261,11.659999999999997,11.679999999999996,76.05999999999995,76.07999999999994,11.669999999999996,76.06999999999995,6.285022711175602,7.859431923373958,6.285022711175602,17.544998721109863,0.0,0.0,843.0975279875522,45.0,0.001629898923723,0,0
262,11.659999999999997,11.679999999999996,76.07999999999994,76.09999999999994,11.669999999999996,76.08999999999995,6.198129068656519,7.859431923372423,6.198129068656519,18.33771381409881,0.0,0.0,739.8463697743871,35.6559410542126,0.0016298988810553,0,0
263,11.659999999999997,11.679999999999996,76.09999999999994,76.11999999999993,11.669999999999996,76.10999999999994,4.200262550071995,8.441268407287705,4.200262550071995,19.34420080480088,0.0,0.0,692.8214031437519,45.0,0.000751448110202,0,2
264,11.659999999999997,11.679999999999996,76.11999999999993,76.13999999999993,11.669999999999996,76.12999999999994,2.520659638835604,7.804824240961728,2.520659638835604,20.084320680097907,0.0,0.0,793.0086357488341,43.81990679384842,0.0001597300964513,0,3
265,11.659999999999997,11.679999999999996,76.13999999999993,76.15999999999993,11.669999999999996,76.14999999999993,2.1333922714838467,6.290203219065717,2.1333922714838467,18.09604657049104,0.0,0.0,827.23591154805,45.0,1.5674110758239683e-05,0,3
266,11.659999999999997,11.679999999999996,76.15999999999993,76.17999999999992,11.669999999999996,76.16999999999993,3.497873383366424,5.263678308824629,3.497873383366424,16.15682501054028,0.0,0.0,717.794914231858,44.951821573826834,1.273632908262616e-06,0,3
267,11.659999999999997,11.679999999999996,76.17999999999992,76.19999999999992,11.669999999999996,76.18999999999993,5.4226369823729055,5.033313013924924,4.754865793774482,14.286644684099896,0.0,0.0,683.7758189821523,45.0,2.5919629593704598e-05,0,3
268,11.659999999999997,11.679999999999996,76.19999999999992,76.21999999999991,11.669999999999996,76.20999999999992,6.185356564708393,5.696529489170638,3.420218779282912,12.516491820356263,0.0,0.0,790.8366442206454,45.0,0.0005732674171589,0,3
269,11.659999999999997,11.679999999999996,76.21999999999991,76.23999999999991,11.669999999999996,76.22999999999992,4.013331869985437,7.003922777841662,3.205423818995015,10.895230522313645,0.0,0.0,816.0085490624538,45.0,0.0058527055536115,1,3
270,11.659999999999997,11.679999999999996,76.23999999999991,76.2599999999999,11.669999999999996,76.24999999999991,1.8552312838605056,8.668777190852108,1.8552312838605056,9.499403057756313,0.0,0.0,706.1684721400363,45.0,0.0275478560644483,1,3
271,11.659999999999997,11.679999999999996,76.2599999999999,76.2799999999999,11.669999999999996,76.26999999999991,0.513602131656265,10.52277241089062,0.513602131656265,8.441587444800904,0.0,0.0,686.8474263858336,45.0,0.0598934444861865,1,3
272,11.659999999999997,11.679999999999996,76.2799999999999,76.2999999999999,11.669999999999996,76.2899999999999,2.563697488699054,12.310845815811058,2.563697488699054,7.859469996885323,0.0,0.0,797.6081218391823,45.0,0.0618773734728217,1,3
273,11.659999999999997,11.679999999999996,76.2999999999999,76.3199999999999,11.669999999999996,76.3099999999999,4.729498501631216,14.190597839059045,4.729498501631216,7.859469996882636,0.0,0.0,810.3952324461721,45.0,0.0422747136203735,1,3
274,11.659999999999997,11.679999999999996,76.3199999999999,76.33999999999989,11.669999999999996,76.3299999999999,5.44482000572397,16.145525628185446,6.902942913063097,8.320329218457402,0.0,0.0,698.8699922767513,45.0,0.052921368421635,1,3
275,11.659999999999997,11.679999999999996,76.33999999999989,76.35999999999989,11.669999999999996,76.3499999999999,3.2668920061532583,18.15135578264184,9.078542781736228,6.385196677947981,66.66666666666666,0.0,692.5917067502457,45.0,0.1312089691400419,1,3
276,11.659999999999997,11.679999999999996,76.35999999999989,76.37999999999988,11.669999999999996,76.36999999999989,1.0889640025108822,20.192925085326344,11.255048220245447,4.6689729861521165,88.88888888888889,0.0,804.4827639004692,45.0,0.0378408103567909,1,3
277,11.659999999999997,11.679999999999996,76.37999999999988,76.39999999999988,11.669999999999996,76.38999999999989,1.0889640024887155,22.26040246003588,13.43201901581223,3.509073209033453,11.11111111111111,0.0,804.2265759963232,45.0,0.0289987479496621,1,3
278,11.659999999999997,11.679999999999996,76.39999999999988,76.41999999999987,11.669999999999996,76.40999999999988,3.2668920061297064,24.34718872593156,15.609260455742,3.509073209025285,0.0,0.0,692.3504588786019,45.0,0.0025052104756516,0,3
279,11.679999999999996,11.699999999999996,75.8,75.82,11.689999999999996,75.81,24.42875702161527,14.201346880691906,13.55603482703339,16.165420078629342,0.0,0.0,758.2145345245876,11.502637938529247,7.329261527890615e-27,0,4
280,11.679999999999996,11.699999999999996,75.82,75.83999999999999,11.689999999999996,75.83,22.585463895901377,12.226990774288032,12.246914667249836,15.718956191311737,0.0,0.0,912.169617238128,45.0,5.2698238294111104e-24,0,0
281,11.679999999999996,11.699999999999996,75.83999999999999,75.85999999999999,11.689999999999996,75.85,20.80681851750156,10.33476826041003,11.211435494723824,15.567289730237786,0.0,0.0,827.2443628293519,22.28571959360288,1.748242040078476e-21,0,0
282,11.679999999999996,11.699999999999996,75.85999999999999,75.87999999999998,11.689999999999996,75.86999999999999,19.110879683898425,8.579198578187397,10.53063062255404,15.71895619131154,0.0,0.0,765.5219083894971,45.0,2.7062544967013826e-19,0,0
283,11.679999999999996,11.699999999999996,75.87999999999998,75.89999999999998,11.689999999999996,75.88999999999999,17.52167960417684,7.062927389026679,10.275242347959836,16.16542007862897,0.0,0.0,967.0403459550772,44.09324294861074,2.652203956872657e-17,0,0
284,11.679999999999996,11.699999999999996,75.89999999999998,75.91999999999997,11.689999999999996,75.90999999999998,16.07091468122547,5.971123871652308,10.476428679690493,16.88331061129022,0.0,0.0,1127.5521906534943,45.0,8.754239954913899e-15,0,0
285,11.679999999999996,11.699999999999996,75.91999999999997,75.93999999999997,11.689999999999996,75.92999999999998,14.799353031735803,5.559746332227414,11.109412180757095,17.462846406413615,0.0,0.0,986.0896730324478,32.87809762822533,3.995427610609258e-12,0,0
286,11.679999999999996,11.699999999999996,75.93999999999997,75.95999999999997,11.689999999999996,75.94999999999997,13.75677690266954,5.971123871649782,12.1066530719853,16.340972898004953,0.0,0.0,834.0028454014256,45.0,9.000267587478766e-10,0,0
287,11.679999999999996,11.699999999999996,75.95999999999997,75.97999999999996,11.689999999999996,75.96999999999997,12.538554608033284,7.018207314736675,12.538554608033284,15.44618684546442,0.0,0.0,915.3580470763534,45.0,9.368100579186992e-08,0,0
288,11.679999999999996,11.699999999999996,75.97999999999996,75.99999999999996,11.689999999999996,75.98999999999997,10.496380199396553,7.9678334033076545,10.496380199396553,14.819678916658724,0.0,0.0,952.9086425594512,45.0,4.496130957451973e-06,0,0
289,11.679999999999996,11.699999999999996,75.99999999999996,76.01999999999995,11.689999999999996,76.00999999999996,8.521548372664661,9.338357873911756,8.521548372664661,14.496274719141123,0.0,0.0,757.6449250255647,33.70133542756929,9.949232912871044e-05,0,0
290,11.679999999999996,11.699999999999996,76.01999999999995,76.03999999999995,11.689999999999996,76.02999999999996,6.674108178566616,7.781208531937461,6.674108178566616,14.496274719140708,0.0,0.0,646.0182010791787,45.0,0.0010150854656281,0,0
291,11.679999999999996,11.699999999999996,76.03999999999995,76.05999999999995,11.689999999999996,76.04999999999995,5.094585102418397,6.448247280817334,5.094585102418397,14.8196789166572,0.0,0.0,796.4930008399355,45.0,0.0047750503372871,1,0
292,11.679999999999996,11.699999999999996,76.05999999999995,76.07999999999994,11.689999999999996,76.06999999999995,4.104877455007426,5.665354036533336,4.104877455007426,15.446186845461982,0.0,0.0,874.8871695141415,45.0,0.0103565625009764,1,0
293,11.679999999999996,11.699999999999996,76.07999999999994,76.09999999999994,11.689999999999996,76.08999999999995,4.150829397775922,5.665354036531207,4.150829397775922,16.340972898001723,0.0,0.0,710.4123542050303,45.0,0.0103565652654648,1,2
294,11.679999999999996,11.699999999999996,76.09999999999994,76.11999999999993,11.689999999999996,76.10999999999994,3.68588300383616,6.448247280811721,3.68588300383616,17.462846406410502,0.0,0.0,638.1659290647507,45.0,0.004775099736331,1,2
295,11.679999999999996,11.699999999999996,76.11999999999993,76.13999999999993,11.689999999999996,76.12999999999994,1.515937924166861,7.781208531929708,1.515937924166861,18.77113518024609,0.0,0.0,804.7917180491639,45.0,0.0010154817512161,0,2
296,11.679999999999996,11.699999999999996,76.13999999999993,76.15999999999993,11.689999999999996,76.14999999999993,0.7041558383585149,8.171113482328995,0.7041558383585149,19.157596001116342,0.0,0.0,865.206447882707,45.0,0.0001009612401218,0,3
297,11.679999999999996,11.699999999999996,76.15999999999993,76.17999999999992,11.689999999999996,76.16999999999993,2.8599014827950704,7.409966453485866,2.8599014827950704,17.337657273645668,0.0,0.0,692.9305702565462,45.0,7.31190644845081e-06,0,3
298,11.679999999999996,11.699999999999996,76.17999999999992,76.19999999999992,11.689999999999996,76.18999999999993,5.034647047340775,7.2481517850376465,5.034647047340775,15.609730321916697,0.0,0.0,640.7786863295044,45.0,1.7198580121119305e-05,0,3
299,11.679999999999996,11.699999999999996,76.19999999999992,76.21999999999991,11.689999999999996,76.20999999999992,6.695797168869254,7.723431874780411,5.521911428928279,14.0079066165617,0.0,0.0,814.8316488489093,45.0,0.0003359107566928,0,3
300,11.679999999999996,11.699999999999996,76.21999999999991,76.23999999999991,11.689999999999996,76.22999999999992,4.762719226786381,8.73239312460575,4.762719226786381,12.58044757311845,0.0,0.0,856.065296185475,45.0,0.0034217440615374,0,3
301,11.679999999999996,11.699999999999996,76.23999999999991,76.2599999999999,11.689999999999996,76.24999999999991,3.165352806815395,10.116598909279237,3.165352806815395,11.393082155252774,0.0,0.0,679.2240461348592,45.0,0.0161036549214987,1,3
302,11.679999999999996,11.699999999999996,76.2599999999999,76.2799999999999,11.689999999999996,76.26999999999991,2.615643642608632,11.744107084843554,2.615643642608632,10.527365648096566,0.0,0.0,648.1540173011902,45.0,0.0350209724702167,1,3
303,11.679999999999996,11.699999999999996,76.2799999999999,76.2999999999999,11.689999999999996,76.2899999999999,3.626278294557717,13.527384177762986,3.626278294557717,10.066627077196353,0.0,0.0,826.74938702407,45.0,0.0363461995162523,1,3
304,11.679999999999996,11.699999999999996,76.2999999999999,76.3199999999999,11.689999999999996,76.3099999999999,5.379996856272771,15.361700532100304,5.379996856272771,9.862674591412448,0.0,0.0,847.3705537210865,45.0,0.0259396721161395,1,3
305,11.679999999999996,11.699999999999996,76.3199999999999,76.33999999999989,11.689999999999996,76.3299999999999,5.8812967080991925,17.183786052448458,7.363763120716261,7.702741990457551,0.0,0.0,667.5657587251003,45.0,0.0348560229918617,1,3
306,11.679999999999996,11.699999999999996,76.33999999999989,76.35999999999989,11.689999999999996,76.3499999999999,3.9519031066897896,19.0806516598123,9.43354745135409,5.556720891130008,11.11111111111111,0.0,657.4438165573242,45.0,0.0778821051088233,1,3
307,11.679999999999996,11.699999999999996,76.35999999999989,76.37999999999988,11.689999999999996,76.36999999999989,2.4761828969075683,21.03207400368405,11.543170996598237,3.450664995282372,88.88888888888889,0.0,837.8394824131218,45.0,0.0304089923189146,1,3
308,11.679999999999996,11.699999999999996,76.37999999999988,76.39999999999988,11.689999999999996,76.38999999999989,2.476182896897821,23.0241853299402,13.67420727122286,1.556296825727655,66.66666666666666,5.252616688899863,837.4264485990177,45.0,0.1309520701576611,1,3
309,11.679999999999996,11.699999999999996,76.39999999999988,76.41999999999987,11.689999999999996,76.40999999999988,3.9519031066703216,25.047279033059464,15.818004323162585,1.5562968257092402,0.0,4.604501747409546,657.0548973907253,45.0,0.0100657656710955,1,3
310,11.699999999999996,11.719999999999995,75.8,75.82,11.709999999999996,75.81,23.368526085193928,15.2098743627684,15.310279695532794,18.31680404353983,0.0,0.0,759.3823184688546,6.293631208575061,3.134230311087728e-24,0,4
311,11.699999999999996,11.719999999999995,75.82,75.83999999999999,11.709999999999996,75.83,21.43439533845903,13.38525658042196,14.16431917563164,17.924037281226642,0.0,0.0,679.3262624059964,45.0,2.2524467471470467e-21,0,4
312,11.699999999999996,11.719999999999995,75.83999999999999,75.85999999999999,11.709999999999996,75.85,19.55145559701213,11.68230739735321,13.27927164807154,17.79118826312882,0.0,0.0,783.0215874214921,10.810277436058628,7.466509608745376e-19,0,4
313,11.699999999999996,11.719999999999995,75.85999999999999,75.87999999999998,11.709999999999996,75.86999999999999,17.736018411541618,10.162377455683758,12.709760731758076,17.837430747953338,0.0,0.0,892.2082807570987,45.0,1.1417025220595022e-16,0,4
314,11.699999999999996,11.719999999999995,75.87999999999998,75.89999999999998,11.709999999999996,75.88999999999999,16.011061903118666,8.919524772428266,12.4989929533752,16.88184859181352,0.0,0.0,827.6887962852801,19.399506124672403,8.072888165535241e-15,0,4
315,11.699999999999996,11.719999999999995,75.89999999999998,75.91999999999997,11.709999999999996,75.90999999999998,14.409117903928042,8.082594019689882,12.664891491823177,16.16474145098508,0.0,0.0,766.8391457678733,45.0,2.850145516770238e-13,0,0
316,11.699999999999996,11.719999999999995,75.91999999999997,75.93999999999997,11.709999999999996,75.92999999999998,12.975826596114985,7.78364486511845,12.975826596114985,15.67148193460192,0.0,0.0,862.8935648178098,36.58573274783657,1.5243685266689804e-11,0,0
317,11.699999999999996,11.719999999999995,75.93999999999997,75.95999999999997,11.709999999999996,75.94999999999997,11.77294757966286,8.082594019688017,11.77294757966286,14.41091555845915,0.0,0.0,918.174481070693,45.0,2.5805594623030955e-09,0,0
318,11.699999999999996,11.719999999999995,75.95999999999997,75.97999999999996,11.709999999999996,75.96999999999997,10.877193365155325,8.919524772424882,10.877193365155325,13.387824430048225,0.0,0.0,791.0199922994926,11.041230385620548,2.657875204498216e-07,0,0
319,11.699999999999996,11.719999999999995,75.97999999999996,75.99999999999996,11.709999999999996,75.98999999999997,9.869508810583696,9.904800504138588,9.869508810583696,12.659913640342197,0.0,0.0,698.7879008131504,45.0,1.2748637748347984e-05,0,0
320,11.699999999999996,11.719999999999995,75.99999999999996,76.01999999999995,11.709999999999996,76.00999999999996,7.736453344261791,8.31931929920344,7.736453344261791,12.27978821325789,0.0,0.0,786.0932037704476,34.2771897645856,0.00028204145418,0,0
321,11.699999999999996,11.719999999999995,76.01999999999995,76.03999999999995,11.709999999999996,76.02999999999996,5.6375237830872384,6.384525259506641,5.6375237830872384,12.2797882132574,0.0,0.0,838.4867404521477,45.0,0.0028770861111636,0,0
322,11.699999999999996,11.719999999999995,76.03999999999995,76.05999999999995,11.709999999999996,76.04999999999995,3.632367888042453,4.668642433071255,3.632367888042453,12.65991364034041,0.0,0.0,727.1127180991535,35.39957327811412,0.0135325474041265,1,2
323,11.699999999999996,11.719999999999995,76.05999999999995,76.07999999999994,11.709999999999996,76.06999999999995,2.0223690684335014,3.509024342077608,2.0223690684335014,13.38782443004541,0.0,0.0,671.0736112855842,45.0,0.0293489758680913,1,2
324,11.699999999999996,11.719999999999995,76.07999999999994,76.09999999999994,11.709999999999996,76.08999999999995,2.114075442189424,3.50902434207417,2.114075442189424,14.410915558455487,0.0,0.0,781.7444497300518,40.91627898475224,0.0293490870925892,1,2
325,11.699999999999996,11.719999999999995,76.09999999999994,76.11999999999993,11.709999999999996,76.10999999999994,3.785777522664396,4.668642433063502,3.785777522664396,15.671481934598456,0.0,0.0,829.9261728298989,45.0,0.0135345343945189,1,2
326,11.699999999999996,11.719999999999995,76.11999999999993,76.13999999999993,11.709999999999996,76.12999999999994,2.8519922424102506,6.384525259497193,2.8519922424102506,17.117138170796093,0.0,0.0,715.7840074145265,44.58940372241625,0.0028930229582946,0,2
327,11.699999999999996,11.719999999999995,76.13999999999993,76.15999999999993,11.709999999999996,76.14999999999993,2.516298399937661,8.319319299193289,2.516298399937661,18.70501821404914,0.0,0.0,673.713983670586,45.0,0.0003409900374098,0,2
328,11.699999999999996,11.719999999999995,76.15999999999993,76.17999999999992,11.709999999999996,76.16999999999993,3.743581638560874,9.591681056893083,3.743581638560874,18.709280000502293,0.0,0.0,789.7793764893727,45.0,0.0001133849117698,0,2
329,11.699999999999996,11.719999999999995,76.17999999999992,76.19999999999992,11.709999999999996,76.18999999999993,5.584066372582143,9.46723919877602,5.584066372582143,17.120472622678527,0.0,0.0,824.623087377987,45.0,8.331823544576524e-05,0,3
330,11.699999999999996,11.719999999999995,76.19999999999992,76.21999999999991,11.709999999999996,76.20999999999992,7.604862842814416,9.835842637756206,7.604862842814416,15.673920046698615,0.0,0.0,706.2070921856292,45.0,0.0001161130878797,0,3
331,11.699999999999996,11.719999999999995,76.21999999999991,76.23999999999991,11.709999999999996,76.22999999999992,6.257124278731651,10.646402796497824,6.257124278731651,14.41251951576703,0.0,0.0,678.0911907361518,45.0,0.0008969368457229,0,3
332,11.699999999999996,11.719999999999995,76.23999999999991,76.2599999999999,11.709999999999996,76.24999999999991,5.14669629637779,11.808255345132512,5.14669629637779,13.388705333181113,0.0,0.0,798.0544881565617,45.0,0.0041987755844314,0,3
333,11.699999999999996,11.719999999999995,76.2599999999999,76.2799999999999,11.709999999999996,76.26999999999991,4.828130646460947,13.229164963685673,4.828130646460947,12.660249005885662,0.0,0.0,819.1238954683597,45.0,0.0091331571358579,1,3
334,11.699999999999996,11.719999999999995,76.2799999999999,76.2999999999999,11.709999999999996,76.2899999999999,5.442305813882896,14.834878710311932,5.442305813882896,12.028596114882545,0.0,0.0,697.9151461084099,45.0,0.0095279441132844,1,3
335,11.699999999999996,11.719999999999995,76.2999999999999,76.3199999999999,11.709999999999996,76.3099999999999,6.738844398944734,16.571763823174138,6.738844398944734,9.862322652147288,0.0,0.0,683.9194687335546,45.0,0.0071282972233044,1,3
336,11.699999999999996,11.719999999999995,76.3199999999999,76.33999999999989,11.709999999999996,76.3299999999999,7.030269127399439,18.402717053433143,8.407784443263997,7.702469389083133,0.0,0.0,805.9442655241712,45.0,0.0102548271763137,1,3
337,11.699999999999996,11.719999999999995,76.33999999999989,76.35999999999989,11.709999999999996,76.3499999999999,5.5185089880965625,20.2129227227195,10.269135244948824,5.55652809488866,0.0,0.0,812.813511658037,45.0,0.0138783121341587,1,3
338,11.699999999999996,11.719999999999995,76.35999999999989,76.37999999999988,11.709999999999996,76.36999999999989,4.579145133316136,22.06430307413744,12.23539627324342,3.450553227577675,33.33333333333333,0.0,690.3874974736767,45.0,0.0461914822803503,1,1
339,11.699999999999996,11.719999999999995,76.37999999999988,76.39999999999988,11.709999999999996,76.38999999999989,4.579145133310865,23.97065112292272,14.26324608481015,1.5562692909865918,100.0,5.057044928341924,690.6678032811997,45.0,0.015223878618152,1,1
340,11.699999999999996,11.719999999999995,76.39999999999988,76.41999999999987,11.709999999999996,76.40999999999988,5.518508988082623,25.91984143250585,16.329756248883335,1.556269290968178,0.0,4.472765613677199,813.0774463467629,45.0,0.0029988109751671,0,1
341,11.719999999999995,11.739999999999997,75.8,75.82,11.729999999999997,75.81,22.47895163846459,16.45884985446065,17.173662727960075,20.25509996456367,0.0,0.0,757.225063688458,8.658727501861224,5.977576571285582e-22,0,4
342,11.719999999999995,11.739999999999997,75.82,75.83999999999999,11.729999999999997,75.83,20.461056871313826,14.789263801396071,16.160457985801457,18.672410009807265,0.0,0.0,634.054200305592,45.0,4.2937933479463133e-19,0,4
343,11.719999999999995,11.739999999999997,75.83999999999999,75.85999999999999,11.729999999999997,75.85,18.47935502131945,13.26787927511486,15.390687862712284,17.219965305446685,0.0,0.0,762.158445014251,5.097126823807024,1.4227218302842974e-16,0,4
344,11.719999999999995,11.739999999999997,75.85999999999999,75.87999999999998,11.729999999999997,75.86999999999999,16.546854936631927,11.951427896291577,14.902124121897542,15.933424097757396,0.0,0.0,889.4412436703412,45.0,2.1745125727202107e-14,0,4
345,11.719999999999995,11.739999999999997,75.87999999999998,75.89999999999998,11.729999999999997,75.88999999999999,14.682996543755632,10.914318524620692,14.682996543755632,14.855951361858246,0.0,0.0,768.9116550124588,12.081958579287727,1.5331125201072537e-12,0,4
346,11.719999999999995,11.739999999999997,75.89999999999998,75.91999999999997,11.729999999999997,75.90999999999998,12.917526850327608,10.241766491550027,12.917526850327608,14.035778120584622,0.0,0.0,663.3509208982949,45.0,4.9887127151502185e-11,0,4
347,11.719999999999995,11.739999999999997,75.91999999999997,75.93999999999997,11.729999999999997,75.92999999999998,11.296669678087286,10.007543398009664,11.296669678087286,13.51981262269159,0.0,0.0,799.2620748076553,30.785662430308843,7.622567084375286e-10,0,4
348,11.719999999999995,11.739999999999997,75.93999999999997,75.95999999999997,11.729999999999997,75.94999999999997,9.891770587890738,10.241766491548557,9.891770587890738,12.57827587020622,0.0,0.0,896.8944173654489,45.0,8.406453225426471e-09,0,4
349,11.719999999999995,11.739999999999997,75.95999999999997,75.97999999999996,11.729999999999997,75.96999999999997,8.806795031261514,10.91431852461793,8.806795031261514,11.391858708665938,0.0,0.0,746.0880907441906,28.419693314013703,3.5261159981654935e-07,0,0
350,11.719999999999995,11.739999999999997,75.97999999999996,75.99999999999996,11.729999999999997,75.98999999999997,8.170207218682194,9.86126505573324,8.170207218682194,10.52688900255749,0.0,0.0,642.6204413998063,45.0,1.6145714532695326e-05,0,0
351,11.719999999999995,11.739999999999997,75.99999999999996,76.01999999999995,11.729999999999997,76.00999999999996,7.548515005382515,7.701650207775691,7.548515005382515,10.066571693734078,0.0,0.0,784.5288708992546,40.990008814147096,0.0003565977590982,0,0
352,11.719999999999995,11.739999999999997,76.01999999999995,76.03999999999995,11.729999999999997,76.02999999999996,5.376902069865647,5.555948732959965,5.376902069865647,10.06657169373348,0.0,0.0,868.2112608680386,45.0,0.0036368559773043,0,2
353,11.719999999999995,11.739999999999997,76.03999999999995,76.05999999999995,11.729999999999997,76.04999999999995,3.213229548378763,3.4502173618279386,3.213229548378763,10.526889002555343,0.0,0.0,714.4332031831455,45.0,0.0171042296792174,1,2
354,11.719999999999995,11.739999999999997,76.05999999999995,76.07999999999994,11.729999999999997,76.06999999999995,1.1051622799282206,1.556186550588465,1.1051622799282206,11.39185870866263,0.0,0.0,636.3319246731504,45.0,0.0370930992507313,1,2
355,11.719999999999995,11.739999999999997,76.07999999999994,76.09999999999994,11.729999999999997,76.08999999999995,1.2651855666165357,1.5561865505807129,1.2651855666165357,12.578275870202027,0.0,0.0,793.327770927063,45.0,0.037095094855277,1,2
356,11.719999999999995,11.739999999999997,76.09999999999994,76.11999999999993,11.729999999999997,76.10999999999994,3.385672265246716,3.450217361817449,3.385672265246716,14.004682396046652,0.0,0.0,861.8011290902325,45.0,0.0171398735101728,1,2
357,11.719999999999995,11.739999999999997,76.11999999999993,76.13999999999993,11.729999999999997,76.12999999999994,4.884782584453325,5.555948732949108,4.884782584453325,15.605408039759537,0.0,0.0,700.6228762321898,45.0,0.0039226982582056,0,2
358,11.719999999999995,11.739999999999997,76.13999999999993,76.15999999999993,11.729999999999997,76.14999999999993,4.696714720156131,7.701650207764724,4.696714720156131,17.332221924675977,0.0,0.0,641.4345210384739,45.0,0.0014137840160334,0,2
359,11.719999999999995,11.739999999999997,76.15999999999993,76.17999999999992,11.729999999999997,76.16999999999993,5.453551062004847,9.86126505572223,5.453551062004847,19.15104694271269,0.0,0.0,805.9538406324508,45.0,0.0018194532440333,0,2
360,11.719999999999995,11.739999999999997,76.17999999999992,76.19999999999992,11.729999999999997,76.18999999999993,6.848895599212743,11.688155591873432,6.848895599212743,18.77362305556604,0.0,0.0,855.4386157916695,45.0,0.0014194596252524,0,2
361,11.719999999999995,11.739999999999997,76.19999999999992,76.21999999999991,11.729999999999997,76.20999999999992,7.89268441596178,11.988646697270845,7.89268441596178,17.464636642226854,0.0,0.0,687.962079629605,45.0,0.000524896634881,0,3
362,11.719999999999995,11.739999999999997,76.21999999999991,76.23999999999991,11.729999999999997,76.22999999999992,8.09389659666594,12.662090773084005,8.09389659666594,16.34213024949659,0.0,0.0,648.2177780680967,45.0,0.0001898734659871,0,3
363,11.719999999999995,11.739999999999997,76.23999999999991,76.2599999999999,11.729999999999997,76.24999999999991,7.269728759948445,13.653412042361584,7.269728759948445,15.446811546754754,0.0,0.0,817.9951635487315,45.0,0.0004948142805375,0,3
364,11.719999999999995,11.739999999999997,76.2599999999999,76.2799999999999,11.729999999999997,76.26999999999991,7.047804535610634,14.899295367896167,7.047804535610634,14.326607752548352,0.0,0.0,847.815937973252,45.0,0.0010625644748389,0,1
365,11.719999999999995,11.739999999999997,76.2799999999999,76.2999999999999,11.729999999999997,76.2899999999999,7.481907492096772,16.341620750469374,7.481907492096772,12.180314256464312,0.0,0.0,676.2938449241633,45.0,0.0011147866722769,0,1
366,11.719999999999995,11.739999999999997,76.2999999999999,76.3199999999999,11.729999999999997,76.3099999999999,8.47178428998201,17.933052139852187,8.47178428998201,10.047405619867035,0.0,0.0,656.4887848250005,45.0,0.0008773966708107,0,1
367,11.719999999999995,11.739999999999997,76.3199999999999,76.33999999999989,11.729999999999997,76.3299999999999,8.611107013597945,19.637371847651853,9.851300254287436,7.938677650987142,0.0,0.0,829.1672000028316,45.0,0.0013474498252618,0,1
368,11.719999999999995,11.739999999999997,76.33999999999989,76.35999999999989,11.729999999999997,76.3499999999999,7.428444873658599,21.427659940588487,11.480849381736498,5.880202806532084,0.0,0.0,838.8879417026207,45.0,0.0018418856082847,0,1
369,11.719999999999995,11.739999999999997,76.35999999999989,76.37999999999988,11.729999999999997,76.36999999999989,6.75996359737778,23.26392536212325,13.268627900420906,3.9513170503837625,0.0,0.0,665.6418316998983,45.0,0.0013066446944621,0,1
370,11.719999999999995,11.739999999999997,76.37999999999988,76.39999999999988,11.729999999999997,76.38999999999989,6.7599635973742105,25.079125445898008,15.158755489142427,2.476078977347701,66.66666666666666,4.536475811667907,666.0384951029139,45.0,0.0020194432624916,0,1
371,11.719999999999995,11.739999999999997,76.39999999999988,76.41999999999987,11.729999999999997,76.40999999999988,7.428444873648243,26.948127534859218,17.117360985743478,2.4760789773361305,0.0,4.082999215591848,839.2614400159141,45.0,0.0001552711045154,0,1
372,11.739999999999997,11.759999999999994,75.8,75.82,11.749999999999996,75.81,21.780953508312287,17.89800643723109,19.11429207809101,18.86396580251529,0.0,0.0,746.3726925542786,6.652391593652402,5.084436074436385e-20,0,4
373,11.739999999999997,11.759999999999994,75.82,75.83999999999999,11.749999999999996,75.83,19.69182098462293,16.375927258789925,18.209456682502942,17.153527618030175,0.0,0.0,843.7082515009597,45.0,3.65048818979797e-17,0,4
374,11.739999999999997,11.759999999999994,75.83999999999999,75.85999999999999,11.749999999999996,75.85,17.62399316120907,15.01627044224619,17.529944038839098,15.560064670449425,0.0,0.0,751.5510213888313,2.090283292931946,1.2090559934056224e-14,0,4
375,11.739999999999997,11.759999999999994,75.85999999999999,75.87999999999998,11.749999999999996,75.86999999999999,15.585952004630508,13.866895394044258,15.585952004630508,14.12322606496974,0.0,0.0,662.7188051799458,45.0,1.847264906215999e-12,0,4
376,11.739999999999997,11.759999999999994,75.87999999999998,75.89999999999998,11.749999999999996,75.88999999999999,13.591104034138066,12.983767687978984,13.591104034138066,12.895472684659914,0.0,0.0,764.1044793702222,12.222957680647122,1.3019649143531052e-10,0,4
377,11.739999999999997,11.759999999999994,75.89999999999998,75.91999999999997,11.749999999999996,75.90999999999998,11.661636341875155,12.423795097776704,11.661636341875155,11.941470451888884,0.0,0.0,850.96905481274,45.0,4.233097334724364e-09,0,4
378,11.739999999999997,11.759999999999994,75.91999999999997,75.93999999999997,11.749999999999996,75.92999999999998,9.8360998392692,12.2314419309007,9.8360998392692,11.330578845785052,0.0,0.0,746.9918012254474,16.703544754625007,6.349747647439845e-08,0,4
379,11.739999999999997,11.759999999999994,75.93999999999997,75.95999999999997,11.749999999999996,75.94999999999997,8.184338867602062,12.423795097775493,8.184338867602062,10.892336992365728,0.0,0.0,666.2009857462851,45.0,4.410948085541429e-07,0,4
380,11.739999999999997,11.759999999999994,75.95999999999997,75.97999999999996,11.749999999999996,75.96999999999997,6.833548878597629,12.026868264888686,6.833548878597629,9.497709917145446,0.0,0.0,772.4193887473367,27.53728683468424,1.591616462324495e-06,0,4
381,11.739999999999997,11.759999999999994,75.97999999999996,75.99999999999996,11.749999999999996,75.98999999999997,5.990894998276394,9.86091193076391,5.990894998276394,8.440901567166739,0.0,0.0,843.0614551605609,45.0,1.1156415570960529e-05,0,4
382,11.739999999999997,11.759999999999994,75.99999999999996,76.01999999999995,11.749999999999996,76.00999999999996,5.879090113883121,7.701376688313155,5.879090113883121,7.8593881467122015,0.0,0.0,728.6892334291093,32.245458564693266,0.0002024624558333,0,2
383,11.739999999999997,11.759999999999994,76.01999999999995,76.03999999999995,11.749999999999996,76.02999999999996,5.994324346526804,5.555755287942535,5.994324346526804,7.859388146711433,0.0,0.0,661.6223292415074,45.0,0.0020507538524951,0,2
384,11.739999999999997,11.759999999999994,76.03999999999995,76.05999999999995,11.749999999999996,76.04999999999995,4.164977831304885,3.4501052190514687,4.164977831304885,8.44090156716406,0.0,0.0,778.0214441816564,38.2541154268112,0.0096416827621282,1,2
385,11.739999999999997,11.759999999999994,76.05999999999995,76.07999999999994,11.749999999999996,76.06999999999995,2.871278455442342,1.5561589250728354,2.871278455442342,9.497709917141476,0.0,0.0,837.3666515984984,45.0,0.0209085295022167,1,2
386,11.739999999999997,11.759999999999994,76.07999999999994,76.09999999999994,11.749999999999996,76.08999999999995,2.936583613241836,1.5561589250650838,2.936583613241836,10.892336992360883,0.0,0.0,717.1348475731173,42.94840243653753,0.0209244948979481,1,2
387,11.739999999999997,11.759999999999994,76.09999999999994,76.11999999999993,11.749999999999996,76.10999999999994,4.299405817083085,3.45010521904098,4.299405817083085,12.512328063832696,0.0,0.0,664.6873067047347,45.0,0.0099267951610824,1,2
388,11.739999999999997,11.759999999999994,76.11999999999993,76.13999999999993,11.749999999999996,76.12999999999994,6.150474868346831,5.555755287931679,6.150474868346831,14.281195284110044,0.0,0.0,787.9377925071043,45.0,0.0043369028527171,0,2
389,11.739999999999997,11.759999999999994,76.13999999999993,76.15999999999993,11.749999999999996,76.14999999999993,5.292128426424548,7.701376688302189,5.292128426424548,16.150094749321358,0.0,0.0,833.1619671467064,45.0,0.0086571706518262,1,2
390,11.739999999999997,11.759999999999994,76.15999999999993,76.17999999999992,11.749999999999996,76.16999999999993,4.633092554525396,9.860911930752902,4.633092554525396,18.088046281878785,0.0,0.0,707.2489190082214,45.0,0.0144325335775695,1,2
391,11.739999999999997,11.759999999999994,76.17999999999992,76.19999999999992,11.749999999999996,76.18999999999993,4.940069959768835,12.026868264877653,4.940069959768835,20.075061944004897,0.0,0.0,669.3603828771536,45.0,0.0113472567108862,1,2
392,11.739999999999997,11.759999999999994,76.19999999999992,76.21999999999991,11.749999999999996,76.20999999999992,6.068183997927631,14.163436999408258,6.068183997927631,19.34545781372038,0.0,0.0,797.4737741843504,45.0,0.004117825530805,0,2
393,11.739999999999997,11.759999999999994,76.21999999999991,76.23999999999991,11.749999999999996,76.22999999999992,7.662978796244683,14.737796321169617,7.662978796244683,18.338515971512187,0.0,0.0,827.8733033442601,45.0,0.0006944403203786,0,1
394,11.739999999999997,11.759999999999994,76.23999999999991,76.2599999999999,11.749999999999996,76.24999999999991,9.439326184629278,15.59768802737065,9.439326184629278,16.329733230809428,0.0,0.0,697.9809218060971,45.0,7.850342334963869e-05,0,1
395,11.739999999999997,11.759999999999994,76.2599999999999,76.2799999999999,11.749999999999996,76.26999999999991,9.269503835899204,16.699061102064174,9.269503835899204,14.15243550841842,0.0,0.0,675.165395922772,45.0,5.7005655032423736e-05,0,1
396,11.739999999999997,11.759999999999994,76.2799999999999,76.2999999999999,11.749999999999996,76.2899999999999,9.603678238830517,17.99763734217063,9.603678238830517,11.97513776814936,0.0,0.0,806.3895971602653,45.0,5.825138734757656e-05,0,1
397,11.739999999999997,11.759999999999994,76.2999999999999,76.3199999999999,11.749999999999996,76.3099999999999,10.39334796116688,19.45396607901226,10.39334796116688,9.797840012752722,0.0,0.0,821.541570129709,45.0,4.837639467775526e-05,0,1
398,11.739999999999997,11.759999999999994,76.3199999999999,76.33999999999989,11.749999999999996,76.3299999999999,10.429242108447005,21.03530794466548,11.545425053466433,7.620542244980364,0.0,0.0,689.4324579891472,45.0,7.906171924712285e-05,0,1
399,11.739999999999997,11.759999999999994,76.33999999999989,76.35999999999989,11.749999999999996,76.3499999999999,9.47634389057862,22.715569593361952,12.963645670032438,5.443244467579987,0.0,0.0,681.995519267528,45.0,0.0001090597406104,0,1
400,11.739999999999997,11.759999999999994,76.35999999999989,76.37999999999988,11.749999999999996,76.36999999999989,8.961980517532565,24.474385808588465,14.570500672464448,3.265946683303444,0.0,0.0,814.5389391849669,45.0,9.829838445362562e-05,0,1
401,11.739999999999997,11.759999999999994,76.37999999999988,76.39999999999988,11.749999999999996,76.38999999999989,8.961980517529872,26.29599886260646,16.310333589709835,1.0886488949012023,11.11111111111111,4.597970029038077,814.2354684125821,45.0,0.0003687652042242,0,1
402,11.739999999999997,11.759999999999994,76.39999999999988,76.41999999999987,11.749999999999996,76.40999999999988,9.476343890570504,28.11505611245117,18.14493275469784,1.0886488948748874,0.0,4.159391706524781,681.7097708387165,45.0,3.1876016152492475e-05,0,1
403,11.759999999999994,11.779999999999994,75.8,75.82,11.769999999999994,75.81,21.2933796823071,19.485249955226625,21.110875747206546,17.644284273840736,0.0,0.0,744.9617058155346,8.279956729233048,1.9287850714486977e-18,0,4
404,11.759999999999994,11.779999999999994,75.82,75.83999999999999,11.769999999999994,75.83,19.151297598942225,18.09726783570981,19.151297598942225,15.80251750281674,0.0,0.0,865.6728302956626,45.0,1.3841524536620962e-15,0,4
405,11.759999999999994,11.779999999999994,75.83999999999999,75.85999999999999,11.769999999999994,75.85,17.018082582625993,16.876954071550383,17.018082582625993,14.0568652168739,0.0,0.0,749.0304484236623,2.5104550659976965,4.582429663907677e-13,0,4
406,11.759999999999994,11.779999999999994,75.85999999999999,75.87999999999998,11.769999999999994,75.86999999999999,14.89754422328258,15.863051184407242,14.89754422328258,12.447829879049571,0.0,0.0,635.817948711262,45.0,6.998733671700964e-11,0,4
407,11.759999999999994,11.779999999999994,75.87999999999998,75.89999999999998,11.769999999999994,75.88999999999999,12.79598637674991,15.09720324171184,12.79598637674991,11.035333550085632,0.0,0.0,759.960894750521,13.594350661864391,4.931225916609971e-09,0,4
408,11.759999999999994,11.779999999999994,75.89999999999998,75.91999999999997,11.769999999999994,75.90999999999998,10.724572974851878,14.618448528467203,10.724572974851878,9.903828223790397,0.0,0.0,866.7933391995462,45.0,1.6028840826571665e-07,0,4
409,11.759999999999994,11.779999999999994,75.91999999999997,75.93999999999997,11.769999999999994,75.92999999999998,8.704850288730194,14.455340463791911,8.704850288730194,9.158064729668176,0.0,0.0,736.9573606837457,22.53287547834353,2.403595989264632e-06,0,4
410,11.759999999999994,11.779999999999994,75.93999999999997,75.95999999999997,11.769999999999994,75.94999999999997,6.783150206381252,14.54001490947406,6.783150206381252,8.895594131565206,0.0,0.0,637.7074618728744,45.0,1.662815005027994e-05,0,4
411,11.759999999999994,11.779999999999994,75.95999999999997,75.97999999999996,11.769999999999994,75.96999999999997,5.072138618331103,12.43087263147036,5.072138618331103,7.780102150093896,0.0,0.0,772.794328121683,31.81711211851769,5.311351298438824e-05,0,4
412,11.759999999999994,11.779999999999994,75.97999999999996,75.99999999999996,11.769999999999994,75.98999999999997,3.862746299727237,10.349978805956358,3.862746299727237,6.447766664839275,0.0,0.0,863.2866811693654,45.0,8.041565558281631e-05,0,4
413,11.759999999999994,11.779999999999994,75.99999999999996,76.01999999999995,11.769999999999994,76.00999999999996,3.6869748052754368,8.318559642100592,3.6869748052754368,5.665293257126003,0.0,0.0,722.0280166874385,38.56096656127592,0.0001036347678728,0,2
414,11.759999999999994,11.779999999999994,76.01999999999995,76.03999999999995,11.769999999999994,76.02999999999996,4.663208432651296,6.384020228503693,4.663208432651296,5.665293257124938,0.0,0.0,639.1009340669755,45.0,0.0005321768067307,0,2
415,11.759999999999994,11.779999999999994,76.03999999999995,76.05999999999995,11.769999999999994,76.04999999999995,5.853262772859538,4.668393803426955,5.853262772859538,6.447766664835767,0.0,0.0,784.7853513697041,44.51042761753469,0.0024263465574803,0,2
416,11.759999999999994,11.779999999999994,76.05999999999995,76.07999999999994,11.769999999999994,76.06999999999995,5.015829498706207,3.508987588015587,5.015829498706207,7.780102150089053,0.0,0.0,859.0000814856784,45.0,0.0052577525558507,1,2
417,11.759999999999994,11.779999999999994,76.07999999999994,76.09999999999994,11.769999999999994,76.08999999999995,5.053493976846766,3.508987588012149,5.053493976846766,9.432095795615648,0.0,0.0,708.9001281665304,45.0,0.0053145899905253,1,2
418,11.759999999999994,11.779999999999994,76.09999999999994,76.11999999999993,11.769999999999994,76.10999999999994,5.949659866583396,4.668393803419204,5.949659866583396,11.263969980204644,0.0,0.0,643.4238545554903,45.0,0.0034414864614507,0,2
419,11.759999999999994,11.779999999999994,76.11999999999993,76.13999999999993,11.769999999999994,76.12999999999994,5.333557444488736,6.384020228494246,5.333557444488736,13.20105128861368,0.0,0.0,797.3385341282828,45.0,0.0086731404818126,1,2
420,11.759999999999994,11.779999999999994,76.13999999999993,76.15999999999993,11.769999999999994,76.14999999999993,3.5252095460090365,8.318559642090442,3.5252095460090365,15.203178519159277,0.0,0.0,853.8218600743166,45.0,0.0302156998562048,1,2
421,11.759999999999994,11.779999999999994,76.15999999999993,76.17999999999992,11.769999999999994,76.16999999999993,2.4262113298960366,10.34997880594587,2.4262113298960366,17.247714785090892,0.0,0.0,696.6051580957342,45.0,0.0514524440331704,1,2
422,11.759999999999994,11.779999999999994,76.17999999999992,76.19999999999992,11.769999999999994,76.18999999999993,2.9706955867287275,12.430872631459687,2.9706955867287275,19.32120181184576,0.0,0.0,649.3003762757555,45.0,0.0404770293979495,1,2
423,11.759999999999994,11.779999999999994,76.19999999999992,76.21999999999991,11.769999999999994,76.20999999999992,4.6089798093969865,14.540014909463276,4.6089798093969865,20.80279052422656,0.0,0.0,809.2777039594355,45.0,0.0146882457252575,1,2
424,11.759999999999994,11.779999999999994,76.21999999999991,76.23999999999991,11.769999999999994,76.22999999999992,6.568065864277478,16.66668469010326,6.568065864277478,18.6395020445266,0.0,0.0,847.2388187845183,45.0,0.0024586290650805,0,1
425,11.759999999999994,11.779999999999994,76.23999999999991,76.2599999999999,11.769999999999994,76.24999999999991,8.63223117739529,17.608280111864694,8.63223117739529,16.479882892673476,0.0,0.0,685.0440211603651,45.0,0.0001903926142301,0,1
426,11.759999999999994,11.779999999999994,76.2599999999999,76.2799999999999,11.769999999999994,76.26999999999991,10.741064771780378,18.590850527299587,10.741064771780378,14.325592659424492,0.0,0.0,656.5546790152016,45.0,8.034408791502755e-06,0,1
427,11.759999999999994,11.779999999999994,76.2799999999999,76.2999999999999,11.769999999999994,76.2899999999999,11.763238523294008,19.765443829928028,11.763238523294008,12.179459407805671,0.0,0.0,820.4131353854274,45.0,1.4683943953390797e-06,0,1
428,11.759999999999994,11.779999999999994,76.2999999999999,76.3199999999999,11.769999999999994,76.3099999999999,12.4162668379393,21.100015821538413,12.4162668379393,10.046711885588923,0.0,0.0,839.3332712744767,45.0,1.1956880779059004e-06,0,1
429,11.759999999999994,11.779999999999994,76.3199999999999,76.33999999999989,11.769999999999994,76.3299999999999,12.38056803521452,22.566200758669755,13.395409965344722,7.938146510404652,0.0,0.0,674.3698891907814,45.0,2.0712431493569684e-06,0,1
430,11.759999999999994,11.779999999999994,76.33999999999989,76.35999999999989,11.769999999999994,76.3499999999999,11.589298612352428,24.14002933941269,14.635359861484378,5.879836952172035,0.0,0.0,665.0834553800382,45.0,2.879262158767746e-06,0,1
431,11.759999999999994,11.779999999999994,76.35999999999989,76.37999999999988,11.769999999999994,76.36999999999989,11.172668930397066,25.801811308168222,16.075880455598003,3.951121049329213,0.0,0.0,830.5891559596172,45.0,2.0451979451419763e-06,0,1
432,11.759999999999994,11.779999999999994,76.37999999999988,76.39999999999988,11.769999999999994,76.38999999999989,11.172668930394906,27.53562723252817,17.66798037014662,2.4760442248866967,0.0,3.971401028755927,830.2102149173495,45.0,1.6843524720147035e-06,0,1
433,11.759999999999994,11.779999999999994,76.39999999999988,76.41999999999987,11.769999999999994,76.40999999999988,11.589298612345791,29.32870465881068,19.37432713197297,2.476044224875128,0.0,3.6612650052250615,664.7266441232625,45.0,2.431671912786193e-07,0,1
434,11.779999999999994,11.799999999999994,75.8,75.82,11.789999999999994,75.81,21.03087051111587,21.18732481232925,21.03087051111587,16.633813747526286,0.0,0.0,754.4422325284511,7.13130646533906,3.2632345212689155e-17,0,4
435,11.779999999999994,11.799999999999994,75.82,75.83999999999999,11.789999999999994,75.83,18.85916239893995,19.91839984496704,18.85916239893995,14.665846195405148,0.0,0.0,650.9073250022419,45.0,2.3406694553960566e-14,0,4
436,11.779999999999994,11.799999999999994,75.83999999999999,75.85999999999999,11.789999999999994,75.85,16.68881546222423,18.816647487654187,16.68881546222423,12.765842966728515,0.0,0.0,751.4790766248249,2.2325435491979504,7.745834192783815e-12,0,4
437,11.779999999999994,11.799999999999994,75.85999999999999,75.87999999999998,11.789999999999994,75.86999999999999,14.52044008547916,17.912940679562336,14.52044008547916,10.969178005920128,0.0,0.0,849.2641884876933,45.0,1.182585683673444e-09,0,4
438,11.779999999999994,11.799999999999994,75.87999999999998,75.89999999999998,11.789999999999994,75.88999999999999,12.35507438122334,17.238454568067013,12.35507438122334,9.335705825935884,0.0,0.0,743.1417383603793,11.368494792186455,8.329777148756631e-08,0,4
439,11.779999999999994,11.799999999999994,75.89999999999998,75.91999999999997,11.789999999999994,75.90999999999998,10.194636329819687,16.820785924300345,10.194636329819687,7.966452049019406,0.0,0.0,651.7104624384314,45.0,2.7068898688720704e-06,0,4
440,11.779999999999994,11.799999999999994,75.91999999999997,75.93999999999997,11.789999999999994,75.92999999999998,8.043097743980537,16.663773283372198,8.043097743980537,7.017815271822112,0.0,0.0,763.2705570182302,20.166506904432765,4.0583032631564295e-05,0,4
441,11.779999999999994,11.799999999999994,75.93999999999997,75.95999999999997,11.789999999999994,75.94999999999997,5.910185904963465,14.537508275719349,5.910185904963465,6.67169559867417,0.0,0.0,848.1868633357724,45.0,0.0002807087047073,0,4
442,11.779999999999994,11.799999999999994,75.95999999999997,75.97999999999996,11.789999999999994,75.96999999999997,3.827171068139562,12.42877344040021,3.827171068139562,6.383175716300737,0.0,0.0,731.5696819850037,27.72476131762907,0.0008957955639226,0,4
443,11.779999999999994,11.799999999999994,75.97999999999996,75.99999999999996,11.789999999999994,75.98999999999997,1.960164351083868,10.348291039018823,1.960164351083868,4.667978059611553,0.0,0.0,653.3074786206341,45.0,0.0013249617557679,0,4
444,11.779999999999994,11.799999999999994,75.99999999999996,76.01999999999995,11.789999999999994,76.00999999999996,1.5859745211121832,8.317289323727422,1.5859745211121832,3.5089261335577087,0.0,0.0,774.3354982321044,34.49914412941099,0.0010627593297782,0,2
445,11.779999999999994,11.799999999999994,76.01999999999995,76.03999999999995,11.789999999999994,76.02999999999996,3.265953319726492,6.383175716301919,3.265953319726492,3.5089261335559905,0.0,0.0,845.4066471433327,45.0,0.0003991279645929,0,2
446,11.779999999999994,11.799999999999994,76.03999999999995,76.05999999999995,11.789999999999994,76.04999999999995,5.319365747604191,4.66797805961349,5.319365747604191,4.6679780596067095,0.0,0.0,720.1529911603935,40.17570097565345,0.0003137951695741,0,2
447,11.779999999999994,11.799999999999994,76.05999999999995,76.07999999999994,11.789999999999994,76.06999999999995,7.208626806763228,3.5089261335585675,7.208626806763228,6.383175716294836,0.0,0.0,656.3596252954048,45.0,0.0005944697951582,0,2
448,11.779999999999994,11.799999999999994,76.07999999999994,76.09999999999994,11.789999999999994,76.08999999999995,7.234882769428283,3.508926133555131,7.234882769428283,8.317289323719812,0.0,0.0,785.3240224209038,44.97379325136792,0.0006825551629672,0,2
449,11.779999999999994,11.799999999999994,76.09999999999994,76.11999999999993,11.789999999999994,76.10999999999994,6.946553387412112,4.667978059605741,6.946553387412112,10.34829103901096,0.0,0.0,841.5810918486679,45.0,0.0018910743037286,0,2
450,11.779999999999994,11.799999999999994,76.11999999999993,76.13999999999993,11.789999999999994,76.12999999999994,4.770492258351817,6.383175716292474,4.770492258351817,12.428773440390874,0.0,0.0,709.3297914767846,45.0,0.013037437511826,1,2
451,11.779999999999994,11.799999999999994,76.13999999999993,76.15999999999993,11.789999999999994,76.14999999999993,2.595964219477929,8.317289323717274,2.595964219477929,14.537508275709916,0.0,0.0,660.7953980055881,45.0,0.0479969505579825,1,2
452,11.779999999999994,11.799999999999994,76.15999999999993,76.17999999999992,11.789999999999994,76.16999999999993,0.445988308285224,10.348291039008338,0.445988308285224,16.66377328336406,0.0,0.0,795.8805847728638,45.0,0.081851791237033,1,2
453,11.779999999999994,11.799999999999994,76.17999999999992,76.19999999999992,11.789999999999994,76.18999999999993,1.7712206094161596,12.42877344038954,1.7712206094161596,18.80162196230176,0.0,0.0,836.525760203487,45.0,0.0643955502195033,1,2
454,11.779999999999994,11.799999999999994,76.19999999999992,76.21999999999991,11.789999999999994,76.20999999999992,3.943853552319226,14.003182655969155,3.943853552319226,20.947508004569965,0.0,0.0,699.0666751926794,45.0,0.0233694947549524,1,2
455,11.779999999999994,11.799999999999994,76.21999999999991,76.23999999999991,11.789999999999994,76.22999999999992,6.11957357114856,15.603397469530952,6.11957357114856,19.03269031280843,0.0,0.0,666.4488255697537,45.0,0.0039120776314648,0,1
456,11.779999999999994,11.799999999999994,76.23999999999991,76.2599999999999,11.789999999999994,76.24999999999991,8.295952138695784,17.329693527955794,8.295952138695784,16.923484293462916,0.0,0.0,805.812684435708,45.0,0.0003020915059147,0,1
457,11.779999999999994,11.799999999999994,76.2599999999999,76.2799999999999,11.789999999999994,76.26999999999991,10.472578682779474,19.14800041119556,10.472578682779474,14.833921004468774,0.0,0.0,830.2917845136066,45.0,1.0773274538614908e-05,0,1
458,11.779999999999994,11.799999999999994,76.2799999999999,76.2999999999999,11.789999999999994,76.2899999999999,12.649325184502464,21.034470237565536,12.649325184502464,12.773643806170291,0.0,0.0,689.4983573015281,45.0,1.9092345575654373e-07,0,1
459,11.779999999999994,11.799999999999994,76.2999999999999,76.3199999999999,11.789999999999994,76.3099999999999,14.498176785480169,22.844167164684983,14.498176785480169,10.75948939679486,0.0,0.0,673.2414549750059,45.0,1.4560256857536392e-08,0,1
460,11.779999999999994,11.799999999999994,76.3199999999999,76.33999999999989,11.789999999999994,76.3299999999999,14.411082046589764,24.20483592474794,15.344986872703847,8.823101528693817,0.0,0.0,814.9842686975588,45.0,2.4229015229086985e-08,0,1
461,11.779999999999994,11.799999999999994,76.33999999999989,76.35999999999989,11.789999999999994,76.3499999999999,13.737322869550628,25.67832459877356,16.438456441439403,7.029047004879794,0.0,0.0,822.9635258779292,45.0,3.3908897843105725e-08,0,1
462,11.779999999999994,11.799999999999994,76.35999999999989,76.37999999999988,11.789999999999994,76.36999999999989,13.3877338087051,27.24633533610164,17.733014805412775,5.517948518921451,0.0,0.0,680.75473111031,45.0,2.294956065294632e-08,0,1
463,11.779999999999994,11.799999999999994,76.37999999999988,76.39999999999988,11.789999999999994,76.38999999999989,13.3877338087033,28.89348346720391,19.1880044203768,4.579070087227089,0.0,0.0,681.080331669834,45.0,7.227664959445111e-09,0,1
464,11.779999999999994,11.799999999999994,76.39999999999988,76.41999999999987,11.789999999999994,76.40999999999988,13.73732286954503,30.606995059999523,20.769736362044384,4.579070087220834,0.0,0.0,823.2701116746022,45.0,1.0435949243162714e-09,0,1
465,11.799999999999994,11.819999999999991,75.8,75.82,11.809999999999992,75.81,21.00186716014952,22.978727882187428,21.00186716014952,15.87256068037983,0.0,0.0,754.8917764946203,7.873109105973853,2.462272924390465e-16,0,4
466,11.799999999999994,11.819999999999991,75.82,75.83999999999999,11.809999999999992,75.83,18.826981534209303,21.81434485344177,18.826981534209303,13.796592526557928,0.0,0.0,640.4112952004232,45.0,1.7653041426968884e-13,0,4
467,11.799999999999994,11.819999999999991,75.83999999999999,75.85999999999999,11.809999999999992,75.85,16.65260986078859,20.813272443778462,16.65260986078859,11.757103100934506,0.0,0.0,751.5278487713578,2.450840755241893,5.839341060486389e-11,0,4
468,11.799999999999994,11.819999999999991,75.85999999999999,75.87999999999998,11.809999999999992,75.86999999999999,14.478983702754675,20.000048514955164,14.478983702754675,9.776947722354093,0.0,0.0,859.5373767440781,45.0,8.911878411629294e-09,0,4
469,11.799999999999994,11.819999999999991,75.87999999999998,75.89999999999998,11.809999999999992,75.88999999999999,12.306498108785444,19.398312655916367,12.306498108785444,7.900864881841017,0.0,0.0,742.1366592673115,12.594709004687672,6.275324229762399e-07,0,4
470,11.799999999999994,11.819999999999991,75.89999999999998,75.91999999999997,11.809999999999992,75.90999999999998,10.135886511953997,18.53603406701802,10.135886511953997,6.223692701464717,0.0,0.0,641.0061995722061,45.0,2.038767114745699e-05,0,4
471,11.799999999999994,11.819999999999991,75.91999999999997,75.93999999999997,11.809999999999992,75.92999999999998,7.968680465304549,16.363692813365997,7.968680465304549,4.951844279703133,0.0,0.0,764.3272597251188,22.002200959760124,0.0003060612832038,0,4
472,11.799999999999994,11.819999999999991,75.93999999999997,75.95999999999997,11.809999999999992,75.94999999999997,5.808693039439831,14.192712558036831,5.808693039439831,4.447797065782956,0.0,0.0,858.2558911587447,45.0,0.0021343462135174,0,4
473,11.799999999999994,11.819999999999991,75.95999999999997,75.97999999999996,11.809999999999992,75.96999999999997,3.668696626855043,12.023830548830446,3.668696626855043,4.95184427970009,0.0,0.0,729.4350785248208,30.21134356260481,0.0067549324717731,1,4
474,11.799999999999994,11.819999999999991,75.97999999999996,75.99999999999996,11.809999999999992,75.98999999999997,1.629456597145849,9.858431757460496,1.629456597145849,3.4493175946847368,0.0,0.0,643.0064989976804,45.0,0.0120119656752835,1,4
475,11.799999999999994,11.819999999999991,75.99999999999996,76.01999999999995,11.809999999999992,76.00999999999996,1.1525174479373483,7.6994556265789,1.1525174479373483,1.5559649113195977,0.0,29.536836275332977,776.8511985206428,37.209966484790925,0.0478724987971387,1,2
476,11.799999999999994,11.819999999999991,76.01999999999995,76.03999999999995,11.809999999999992,76.02999999999996,3.078772148782544,5.554396632225932,3.078772148782544,1.555964911315723,0.0,17.26095762556675,855.4452701380229,45.0,0.0150412801316438,1,2
477,11.799999999999994,11.819999999999991,76.03999999999995,76.05999999999995,11.809999999999992,76.04999999999995,5.206414619423927,3.4493175946873573,5.206414619423927,3.449317594678182,0.0,0.0,716.9996951917618,43.02737575347348,0.0003879247834699,0,2
478,11.799999999999994,11.819999999999991,76.05999999999995,76.07999999999994,11.809999999999992,76.06999999999995,7.362882731213577,1.5559649113215346,7.362882731213577,5.554396632217792,0.0,0.0,646.4852761716053,45.0,5.186146920622361e-05,0,2
479,11.799999999999994,11.819999999999991,76.07999999999994,76.09999999999994,11.809999999999992,76.08999999999995,9.350286255392623,1.555964911313786,9.350286255392623,7.699455626570679,0.0,0.0,789.0466534524722,45.0,9.626158602760912e-05,0,2
480,11.799999999999994,11.819999999999991,76.09999999999994,76.11999999999993,11.809999999999992,76.10999999999994,7.242579238981462,3.449317594676872,7.242579238981462,9.858431757452244,0.0,0.0,851.2349042046037,45.0,0.0011628468885322,0,2
481,11.799999999999994,11.819999999999991,76.11999999999993,76.13999999999993,11.809999999999992,76.12999999999994,5.19228324373382,5.554396632215077,5.19228324373382,12.023830548820792,0.0,0.0,705.041572973583,45.0,0.0092133880126275,1,2
482,11.799999999999994,11.819999999999991,76.13999999999993,76.15999999999993,11.809999999999992,76.14999999999993,3.307930914994922,7.699455626567938,3.307930914994922,14.192712558027168,0.0,0.0,651.3907864584091,45.0,0.0340522075627213,1,2
483,11.799999999999994,11.819999999999991,76.15999999999993,76.17999999999992,11.809999999999992,76.16999999999993,2.0982752632177264,9.497026848655327,2.0982752632177264,16.36369281335771,0.0,0.0,800.7172160351483,45.0,0.0580750163187014,1,2
484,11.799999999999994,11.819999999999991,76.17999999999992,76.19999999999992,11.809999999999992,76.18999999999993,2.709402469557193,10.891169575845742,2.709402469557193,18.536034067009723,0.0,0.0,845.6474387211479,45.0,0.0456904922520362,1,2
485,11.799999999999994,11.819999999999991,76.19999999999992,76.21999999999991,11.809999999999992,76.20999999999992,4.444852630722398,12.510648085684538,4.444852630722398,20.709308020736326,0.0,0.0,693.6970972970923,45.0,0.0165825541774214,1,2
486,11.799999999999994,11.819999999999991,76.21999999999991,76.23999999999991,11.809999999999992,76.22999999999992,6.453705797240336,14.278996503659592,6.453705797240336,19.67096810442368,0.0,0.0,657.6406117447893,45.0,0.0027762976065403,0,1
487,11.799999999999994,11.819999999999991,76.23999999999991,76.2599999999999,11.809999999999992,76.24999999999991,8.545271935753668,16.147379086703864,8.545271935753668,17.63841060906461,0.0,0.0,811.6966085826116,45.0,0.0002144221634478,0,1
488,11.799999999999994,11.819999999999991,76.2599999999999,76.2799999999999,11.809999999999992,76.26999999999991,10.671025094380294,18.084818104879005,10.671025094380294,15.64478356479026,0.0,0.0,838.7563672736142,45.0,7.63951298103339e-06,0,1
489,11.799999999999994,11.819999999999991,76.2799999999999,76.2999999999999,11.809999999999992,76.2899999999999,12.81396233160945,20.07132592435149,12.81396233160945,13.70708424238131,0.0,0.0,683.1201049687674,45.0,1.2562351904294326e-07,0,1
490,11.799999999999994,11.819999999999991,76.2999999999999,76.3199999999999,11.809999999999992,76.3099999999999,14.966704193393522,22.093670731807805,14.966704193393522,11.852773768980036,0.0,0.0,665.1493548553825,45.0,1.017475799292185e-09,0,1
491,11.799999999999994,11.819999999999991,76.3199999999999,76.33999999999989,11.809999999999992,76.3299999999999,16.49156007154903,24.14284845623457,17.12555364331288,10.127759663543609,0.0,0.0,821.835091676586,45.0,1.297978005839031e-10,0,1
492,11.799999999999994,11.819999999999991,76.33999999999989,76.35999999999989,11.809999999999992,76.3499999999999,15.906215307876646,26.212566822055926,18.33421350273891,8.610108476197487,0.0,0.0,830.6555444285715,45.0,1.781233857817719e-10,0,1
493,11.799999999999994,11.819999999999991,76.35999999999989,76.37999999999988,11.809999999999992,76.36999999999989,15.605311637711656,28.29831919620912,19.503259595391302,7.428028181908587,0.0,0.0,673.4547015881105,45.0,1.2058914794820727e-10,0,1
494,11.799999999999994,11.819999999999991,76.37999999999988,76.39999999999988,11.809999999999992,76.38999999999989,15.605311637710107,30.35370513668304,20.83489696727963,6.759912721093476,0.0,0.0,673.8146278675832,45.0,3.775559393929293e-11,0,1
495,11.799999999999994,11.819999999999991,76.39999999999988,76.41999999999987,11.809999999999992,76.40999999999988,15.906215307871811,31.988978990103902,22.30001737373492,6.759912721089237,0.0,0.0,830.994451357052,45.0,5.452267415017539e-12,0,1
496,11.819999999999991,11.839999999999993,75.8,75.82,11.829999999999991,75.81,21.20732768565196,24.84014035707248,21.20732768565196,15.397533433344066,0.0,0.0,745.292188336284,7.585231636353362,8.286058212331847e-16,0,4
497,11.819999999999991,11.839999999999993,75.82,75.83999999999999,11.829999999999991,75.83,19.056072040765745,23.767205770138247,19.056072040765745,13.247502465620448,0.0,0.0,855.5454472570592,45.0,5.937769334837517e-13,0,4
498,11.819999999999991,11.839999999999993,75.83999999999999,75.85999999999999,11.829999999999991,75.85,16.911348134298926,22.851911083454706,16.911348134298926,11.107818856547013,0.0,0.0,748.5464301671564,2.357074502929201,1.9632934573454984e-10,0,4
499,11.819999999999991,11.839999999999993,75.85999999999999,75.87999999999998,11.829999999999991,75.86999999999999,14.77600048222107,22.113839180753573,14.77600048222107,8.98587728705516,0.0,0.0,644.5439907836864,45.0,2.9952651504378846e-08,0,4
500,11.819999999999991,11.839999999999993,75.87999999999998,75.89999999999998,11.829999999999991,75.88999999999999,12.654776393200514,20.70855379854058,12.654776393200514,6.898070338851052,0.0,0.0,757.6194715356193,12.155281990124296,2.1085183439002384e-06,0,4
501,11.819999999999991,11.839999999999993,75.89999999999998,75.91999999999997,11.829999999999991,75.90999999999998,10.55619353511095,18.535359478966008,10.55619353511095,4.888332155773647,0.0,0.0,855.0211700408718,45.0,6.86203467488608e-05,0,4
502,11.819999999999991,11.839999999999993,75.91999999999997,75.93999999999997,11.829999999999991,75.92999999999998,8.497044172293739,16.363097893120628,8.497044172293739,3.111790696017839,0.0,0.0,736.2592546552321,21.245298329349197,0.0015216880325826,0,4
503,11.819999999999991,11.839999999999993,75.93999999999997,75.95999999999997,11.829999999999991,75.94999999999997,6.514827619204826,14.192197354569412,6.514827619204826,2.2238985328919205,0.0,9.154652360951372,645.7931389207309,45.0,0.0260554440965217,1,4
504,11.819999999999991,11.839999999999993,75.95999999999997,75.97999999999996,11.829999999999991,75.96999999999997,4.7077467889474605,12.023395137290274,4.7077467889474605,3.111790696012996,0.0,0.0,769.8364585472121,29.291875272215297,0.0336131770286856,1,4
505,11.819999999999991,11.839999999999993,75.97999999999996,75.99999999999996,11.829999999999991,75.98999999999997,3.37038017621498,9.858076261620296,3.37038017621498,3.4492047019820107,44.44444444444444,0.0,853.055805539189,45.0,0.1705401323454566,1,4
506,11.819999999999991,11.839999999999993,75.99999999999996,76.01999999999995,11.829999999999991,76.00999999999996,3.1674480379771093,7.699180271366613,3.1674480379771093,1.5559371043585264,77.77777777777779,16.937005471554947,724.1497379192122,36.1732842679414,0.1763155600628751,1,2
507,11.819999999999991,11.839999999999993,76.01999999999995,76.03999999999995,11.829999999999991,76.02999999999996,4.264114616049872,5.554201889974947,4.264114616049872,1.555937104354652,22.22222222222222,13.745582314935096,648.4562070798667,45.0,0.1486798953603553,1,2
508,11.819999999999991,11.839999999999993,76.03999999999995,76.05999999999995,11.829999999999991,76.04999999999995,5.984087369611484,3.4492047019846312,5.984087369611484,3.449204701975457,0.0,0.0,781.7813757507171,41.95271647590518,0.0013008690213472,0,2
509,11.819999999999991,11.839999999999993,76.05999999999995,76.07999999999994,11.829999999999991,76.06999999999995,7.931747067843804,1.555937104360463,7.931747067843804,5.554201889966807,0.0,0.0,849.6881902386219,45.0,7.750368751656772e-05,0,2
510,11.819999999999991,11.839999999999993,76.07999999999994,76.09999999999994,11.829999999999991,76.08999999999995,9.97459788781677,1.555937104352715,9.97459788781677,7.699180271358392,0.0,0.0,712.3970669933184,45.0,2.428178769181484e-05,0,2
511,11.819999999999991,11.839999999999993,76.09999999999994,76.11999999999993,11.829999999999991,76.10999999999994,8.157619110584275,3.449204701974146,8.157619110584275,9.858076261612045,0.0,0.0,652.5078364491255,45.0,0.0003641188620002,0,2
512,11.819999999999991,11.839999999999993,76.11999999999993,76.13999999999993,11.829999999999991,76.12999999999994,6.407297535010655,5.5542018899640935,6.407297535010655,12.023395137280623,0.0,0.0,793.2964077492186,45.0,0.0029149816927141,0,2
513,11.819999999999991,11.839999999999993,76.13999999999993,76.15999999999993,11.829999999999991,76.14999999999993,5.003721861972447,6.447404155500363,5.003721861972447,14.19219735455975,0.0,0.0,844.963710792775,45.0,0.0107756517198612,1,2
514,11.819999999999991,11.839999999999993,76.15999999999993,76.17999999999992,11.829999999999991,76.16999999999993,4.300937333259824,7.779267601153255,4.300937333259824,16.36309789311234,0.0,0.0,701.1578126476525,45.0,0.0183769724894585,1,2
515,11.819999999999991,11.839999999999993,76.17999999999992,76.19999999999992,11.829999999999991,76.18999999999993,4.629897423645048,9.430746544550807,4.629897423645048,18.53535947895772,0.0,0.0,657.8886324058439,45.0,0.0144583306158517,1,2
516,11.819999999999991,11.839999999999993,76.19999999999992,76.21999999999991,11.829999999999991,76.20999999999992,5.818152377131843,11.262102296188704,5.818152377131843,20.65805409585453,0.0,0.0,804.221406404225,45.0,0.0052477830211388,1,2
517,11.819999999999991,11.839999999999993,76.21999999999991,76.23999999999991,11.829999999999991,76.22999999999992,7.466116974129662,13.1986706695117,7.466116974129662,20.53149028526293,0.0,0.0,838.9448907144742,45.0,0.0008787131324845,0,1
518,11.819999999999991,11.839999999999993,76.23999999999991,76.2599999999999,11.829999999999991,76.24999999999991,9.33337917398295,15.20029138145878,9.33337917398295,18.593390349929564,0.0,0.0,690.5842975314507,45.0,6.787844684895792e-05,0,1
519,11.819999999999991,11.839999999999993,76.2599999999999,76.2799999999999,11.829999999999991,76.26999999999991,11.311856139698786,17.244326596145793,11.311856139698786,16.714207319244426,0.0,0.0,664.5249297424751,45.0,2.418968624952836e-06,0,1
520,11.819999999999991,11.839999999999993,76.2799999999999,76.2999999999999,11.829999999999991,76.2899999999999,13.352200943012726,19.31731689756804,13.352200943012726,14.916225343191051,0.0,0.0,814.4073649682507,45.0,3.97688986491186e-08,0,1
521,11.819999999999991,11.839999999999993,76.2999999999999,76.3199999999999,11.829999999999991,76.3099999999999,15.429890104615236,21.41085366796649,15.429890104615236,13.232585594987418,0.0,0.0,831.7137416934563,45.0,3.0177057992265523e-10,0,1
522,11.819999999999991,11.839999999999993,76.3199999999999,76.33999999999989,11.829999999999991,76.3299999999999,17.531651515863384,23.519450829601105,17.531651515863384,11.712700613916065,0.0,0.0,680.820630589415,45.0,1.3500720150705656e-12,0,1
523,11.819999999999991,11.839999999999993,76.33999999999989,76.35999999999989,11.829999999999991,76.3499999999999,18.088470906105226,25.52692415813804,19.649762298016665,10.428416999207398,0.0,0.0,672.3262673869848,45.0,4.190044668215974e-13,0,1
524,11.819999999999991,11.839999999999993,76.35999999999989,76.37999999999988,11.829999999999991,76.36999999999989,17.824464518192666,27.40575091359053,21.3585087188072,9.476016989628633,0.0,0.0,823.7154411859285,45.0,2.826362632744252e-13,0,1
525,11.819999999999991,11.839999999999993,76.37999999999988,76.39999999999988,11.829999999999991,76.38999999999989,17.824464518191313,29.325723556411088,22.580916375606662,8.961942111104113,0.0,0.0,823.3688212753962,45.0,8.8500665072956e-14,0,1
526,11.819999999999991,11.839999999999993,76.39999999999988,76.41999999999987,11.829999999999991,76.40999999999988,18.088470906100973,31.279266188957926,23.939319764288022,8.961942111100917,0.0,0.0,671.9998897480532,45.0,1.2782159580691559e-14,0,1
527,11.839999999999993,11.859999999999992,75.8,75.82,11.849999999999993,75.81,21.640574958107774,26.756955101981887,21.640574958107774,15.235528202961,0.0,0.0,745.3860873447894,7.435197014527694,1.2436202081807592e-15,0,4
528,11.839999999999993,11.859999999999992,75.82,75.83999999999999,11.849999999999993,75.83,19.5372452047308,25.76404352173048,19.5372452047308,13.05902421031207,0.0,0.0,853.4326689613955,45.0,8.907610849429892e-13,0,4
529,11.839999999999993,11.859999999999992,75.83999999999999,75.85999999999999,11.849999999999993,75.85,17.451916890807176,24.922255389835147,17.451916890807176,10.882520200888376,0.0,0.0,748.5737763750241,2.310311197943577,2.9441212528635165e-10,0,4
530,11.839999999999993,11.859999999999992,75.85999999999999,75.87999999999998,11.849999999999993,75.86999999999999,15.391908388301786,23.09671332699512,15.391908388301786,8.706016177487106,0.0,0.0,646.6510677491938,45.0,4.4904139769672155e-08,0,4
531,11.839999999999993,11.859999999999992,75.87999999999998,75.89999999999998,11.849999999999993,75.88999999999999,13.368929371743173,20.945270988669066,13.368929371743173,6.529512142901289,0.0,0.0,757.4624259210757,11.917807141844282,3.1607495191283185e-06,0,4
532,11.839999999999993,11.859999999999992,75.89999999999998,75.91999999999997,11.849999999999993,75.90999999999998,11.4027053631935,18.79962671587239,11.4027053631935,4.353008099928099,0.0,0.0,852.914127845993,45.0,0.000104095423843,0,4
533,11.839999999999993,11.859999999999992,75.91999999999997,75.93999999999997,11.849999999999993,75.92999999999998,9.528436138348187,16.6620206022126,9.528436138348187,2.1765040513633283,0.0,6.834720955713973,736.5286513788099,20.85886719512792,0.0059593366202645,1,4
534,11.839999999999993,11.859999999999992,75.93999999999997,75.95999999999997,11.849999999999993,75.94999999999997,7.812585338783942,14.53599927265341,7.812585338783942,4.213290770190145e-12,22.22222222222222,10.239888145965413,647.8737501168982,45.0,0.3079839948936478,1,4
535,11.839999999999993,11.859999999999992,75.95999999999997,75.97999999999996,11.849999999999993,75.96999999999997,6.384189302616931,12.427509722952513,6.384189302616931,2.1765040513564062,88.88888888888889,9.345037451069198,769.4364182999846,28.799265613327627,0.1063542918123293,1,4
536,11.839999999999993,11.859999999999992,75.97999999999996,75.99999999999996,11.849999999999993,75.98999999999997,5.47313853963005,10.347275004487184,5.47313853963005,4.353008099921176,100.0,0.0,850.9919052834034,45.0,0.0382916910208324,1,4
537,11.839999999999993,11.859999999999992,75.99999999999996,76.01999999999995,11.849999999999993,76.00999999999996,5.35057071704257,8.316524599291482,5.35057071704257,3.508889142328328,100.0,0.0,724.66619804688,35.6234843399021,0.0315945592190437,1,2
538,11.839999999999993,11.859999999999992,76.01999999999995,76.03999999999995,11.849999999999993,76.02999999999996,6.064483294618511,6.382667333078077,6.064483294618511,3.50888914232661,44.44444444444444,0.0,650.4877981771283,45.0,0.0627657600197615,1,2
539,11.839999999999993,11.859999999999992,76.03999999999995,76.05999999999995,11.849999999999993,76.04999999999995,7.375859090991597,4.667727796964201,7.375859090991597,4.667727796957421,0.0,0.0,781.1453226233197,41.3775527505574,0.0022388755618059,0,2
540,11.839999999999993,11.859999999999992,76.05999999999995,76.07999999999994,11.849999999999993,76.06999999999995,9.027991249788734,3.5088891423291866,8.796034533898007,6.382667333070995,0.0,0.0,847.6933836622295,45.0,0.0002129328538357,0,2
541,11.839999999999993,11.859999999999992,76.07999999999994,76.09999999999994,11.849999999999993,76.08999999999995,10.866551592860317,3.508889142325752,10.456557714582896,8.316524599283872,0.0,0.0,713.1494903304218,45.0,1.423266896345366e-05,0,2
542,11.839999999999993,11.859999999999992,76.09999999999994,76.11999999999993,11.849999999999993,76.10999999999994,9.51472493167836,3.508852062235213,9.51472493167836,10.34727500447932,0.0,0.0,654.4586556298608,45.0,5.1674804103247725e-05,0,2
543,11.839999999999993,11.859999999999992,76.11999999999993,76.13999999999993,11.849999999999993,76.12999999999994,8.064649133346126,3.50885206223049,8.064649133346126,12.427509722943176,0.0,0.0,792.4300351396145,45.0,0.00041143111814,0,2
544,11.839999999999993,11.859999999999992,76.13999999999993,76.15999999999993,11.849999999999993,76.14999999999993,7.00167885793239,4.667476922253253,7.00167885793239,14.05439675348518,0.0,0.0,843.0634722273976,45.0,0.0015207830714196,0,2
545,11.839999999999993,11.859999999999992,76.15999999999993,76.17999999999992,11.849999999999993,76.16999999999993,6.518037600713845,6.382157693233642,6.518037600713845,15.799355540098231,0.0,0.0,702.1351478724945,45.0,0.0025934684487929,0,2
546,11.839999999999993,11.859999999999992,76.17999999999992,76.19999999999992,11.849999999999993,76.18999999999993,6.739620737216602,8.315757975171595,6.739620737216602,17.64042969796144,0.0,0.0,659.7317899234372,45.0,0.0020404820217054,0,2
547,11.839999999999993,11.859999999999992,76.19999999999992,76.21999999999991,11.849999999999993,76.20999999999992,7.605033028606667,10.346256439619246,7.605033028606667,19.550484421742546,0.0,0.0,803.136429622761,45.0,0.0007406664206539,0,2
548,11.839999999999993,11.859999999999992,76.21999999999991,76.23999999999991,11.849999999999993,76.22999999999992,8.928993960960122,12.426242853907212,8.928993960960122,21.511152426199345,0.0,0.0,837.1650934754884,45.0,0.000124036818915,0,1
549,11.839999999999993,11.859999999999992,76.23999999999991,76.2599999999999,11.849999999999993,76.24999999999991,10.540099854157493,14.534486503054,10.540099854157493,19.753638356104336,0.0,0.0,691.7732122442297,45.0,9.583334974637692e-06,0,1
550,11.839999999999993,11.859999999999992,76.2599999999999,76.2799999999999,11.849999999999993,76.26999999999991,12.326266366911334,16.660263543866655,12.326266366911334,17.996156059877823,0.0,0.0,666.2352953164565,45.0,3.416023176236263e-07,0,1
551,11.839999999999993,11.859999999999992,76.2799999999999,76.2999999999999,11.849999999999993,76.2899999999999,14.22168575743891,18.797626484575204,14.22168575743891,16.339976630040372,0.0,0.0,813.1185664856994,45.0,5.617758375954402e-09,0,1
552,11.839999999999993,11.859999999999992,76.2999999999999,76.3199999999999,11.849999999999993,76.3099999999999,16.188026883601115,20.65697574997347,16.188026883601115,14.819103839635035,0.0,0.0,830.0786407054608,45.0,4.2623083510013005e-11,0,1
553,11.839999999999993,11.859999999999992,76.3199999999999,76.33999999999989,11.849999999999993,76.3299999999999,18.20231985338163,22.521388877715324,18.20231985338163,13.479415424707016,0.0,0.0,682.2049174043359,45.0,1.4950408288924797e-13,0,1
554,11.839999999999993,11.859999999999992,76.33999999999989,76.35999999999989,11.849999999999993,76.3499999999999,20.250260403537624,24.43739195190632,20.250260403537624,12.379872422978533,0.0,0.0,673.8805273469209,45.0,6.769939029774795e-16,0,1
555,11.839999999999993,11.859999999999992,76.35999999999989,76.37999999999988,11.849999999999993,76.36999999999989,20.04466933335117,26.39375213868316,22.32258965891534,11.589031098714832,0.0,0.0,822.2403870741823,45.0,2.956182464454058e-16,0,1
556,11.839999999999993,11.859999999999992,76.37999999999988,76.39999999999988,11.849999999999993,76.38999999999989,20.04466933334997,28.38212529229444,24.404796082150543,11.172638098572914,0.0,0.0,821.9007030663066,45.0,9.251978462301921e-17,0,1
557,11.839999999999993,11.859999999999992,76.39999999999988,76.41999999999987,11.849999999999993,76.40999999999988,20.279776195106127,30.39622965590473,25.666762870932576,11.172638098570353,0.0,0.0,673.5606805605704,45.0,1.3364535410076273e-17,0,1
558,11.859999999999992,11.879999999999992,75.8,75.82,11.869999999999992,75.81,22.288329570991657,28.718080632152777,22.288329570991657,15.39642925905734,0.0,0.0,754.9776101239257,8.013887047662845,8.325194604133433e-16,0,4
559,11.859999999999992,11.879999999999992,75.82,75.83999999999999,11.869999999999992,75.83,20.25254155384499,27.769057821084555,20.248556736833336,13.246559575624392,0.0,0.0,638.4151058099153,45.0,5.961091937214557e-13,0,4
560,11.859999999999992,11.879999999999992,75.83999999999999,75.85999999999999,11.869999999999992,75.85,18.249288684992123,25.640287722645635,18.1193414612139,11.107037941983082,0.0,0.0,751.5388597569803,2.492234681810191,1.9701340907641928e-10,0,4
561,11.859999999999992,11.879999999999992,75.85999999999999,75.87999999999998,11.869999999999992,75.86999999999999,16.290577945992663,23.520264018343568,16.00277260092068,8.985259482040915,0.0,0.0,861.495062067745,45.0,3.0064083498720175e-08,0,4
562,11.859999999999992,11.879999999999992,75.87999999999998,75.89999999999998,11.869999999999992,75.88999999999999,14.394603733892486,21.41158489657574,13.904626499270965,6.897617643417596,0.0,0.0,741.9499931529361,12.82697009217256,2.119942147633938e-06,0,4
563,11.859999999999992,11.879999999999992,75.89999999999998,75.91999999999997,11.869999999999992,75.90999999999998,12.589741789665798,19.31796572775176,11.83470560744607,4.888048240440462,0.0,0.0,638.975130364699,45.0,6.933706577869505e-05,0,4
564,11.859999999999992,11.879999999999992,75.91999999999997,75.93999999999997,11.869999999999992,75.92999999999998,10.921257944400397,17.244892465780346,9.810891263504804,3.111679196151628,0.0,0.0,764.5338465084834,22.34649601631929,0.0015571872671782,0,4
565,11.859999999999992,11.879999999999992,75.93999999999997,75.95999999999997,11.869999999999992,75.94999999999997,9.461577412351318,15.200773568001512,7.868839178617627,2.223898532890329,33.33333333333333,7.926491531508074,860.176200234818,45.0,0.1120872934710093,1,4
566,11.859999999999992,11.879999999999992,75.95999999999997,75.97999999999996,11.869999999999992,75.96999999999997,8.321316879455106,13.199068259804434,6.087313438315699,3.1116791961467865,100.0,0.0,729.0320483919066,30.67064434155264,0.0278095014061649,1,4
567,11.859999999999992,11.879999999999992,75.97999999999996,75.99999999999996,11.869999999999992,75.98999999999997,7.644767990414208,11.262414218638654,4.654444343307643,4.888048240434297,100.0,0.0,641.048366138129,45.0,0.0321062774565425,1,4
568,11.859999999999992,11.879999999999992,75.99999999999996,76.01999999999995,11.869999999999992,76.00999999999996,7.557508600204321,9.430971881228036,3.96787497843346,5.665255071622664,100.0,0.0,777.3306587879207,37.70501422939256,0.0289526522477432,1,2
569,11.859999999999992,11.879999999999992,76.01999999999995,76.03999999999995,11.869999999999992,76.02999999999996,8.078656476160285,7.7794069760170785,4.392712604473086,5.6652550716216,66.66666666666666,0.0,857.355568230782,45.0,0.0370286795870234,1,2
570,11.859999999999992,11.879999999999992,76.03999999999995,76.05999999999995,11.869999999999992,76.04999999999995,9.104325358773538,6.447464695529264,5.68502670790801,6.447464695524355,0.0,0.0,716.399886858451,43.541880468828914,0.0053876543498629,1,2
571,11.859999999999992,11.879999999999992,76.05999999999995,76.07999999999994,11.869999999999992,76.06999999999995,10.487520464229805,5.55322574699565,7.403704863752232,7.017617353386202,0.0,0.0,644.606649384338,45.0,0.0007636539543749,0,2
572,11.859999999999992,11.879999999999992,76.07999999999994,76.09999999999994,11.869999999999992,76.08999999999995,12.106309349614918,3.4486388327624127,9.315678989152792,7.965754626247513,0.0,0.0,789.7549851708387,45.0,5.3434729244427686e-05,0,2
573,11.859999999999992,11.879999999999992,76.09999999999994,76.11999999999993,11.869999999999992,76.10999999999994,11.15368445623762,1.5557977295444094,11.15368445623762,9.334366739574804,0.0,0.0,853.0716978285268,45.0,4.999341785494712e-06,0,2
574,11.859999999999992,11.879999999999992,76.11999999999993,76.13999999999993,11.869999999999992,76.12999999999994,9.945607930570922,1.5557977295337586,9.945607930570922,10.967151872101653,0.0,0.0,704.2257263170251,45.0,2.592619465824797e-05,0,2
575,11.859999999999992,11.879999999999992,76.13999999999993,76.15999999999993,11.869999999999992,76.14999999999993,9.10501125816352,3.448638832747998,9.10501125816352,12.763122653350726,0.0,0.0,649.6014761218588,45.0,9.572258220136522e-05,0,2
576,11.859999999999992,11.879999999999992,76.15999999999993,76.17999999999992,11.869999999999992,76.16999999999993,8.738593464585803,5.55322574698073,8.738593464585803,14.66243640205306,0.0,0.0,801.6374516204887,45.0,0.0001632338696606,0,2
577,11.859999999999992,11.879999999999992,76.17999999999992,76.19999999999992,11.869999999999992,76.18999999999993,8.905081376729454,7.697800054044716,8.905081376729454,16.629721707088066,0.0,0.0,847.3829460751513,45.0,0.0001284309510349,0,2
578,11.859999999999992,11.879999999999992,76.19999999999992,76.21999999999991,11.869999999999992,76.20999999999992,9.576722077874866,9.856294338009526,9.576722077874866,18.643473602801784,0.0,0.0,692.6754773876801,45.0,4.662209462678773e-05,0,2
579,11.859999999999992,11.879999999999992,76.21999999999991,76.23999999999991,11.869999999999992,76.22999999999992,10.658443130577504,12.021212635074855,10.658443130577504,20.69012886972184,0.0,0.0,655.9647512864937,45.0,7.808660219325044e-06,0,1
580,11.859999999999992,11.879999999999992,76.23999999999991,76.2599999999999,11.869999999999992,76.24999999999991,12.04021955143637,14.053777116686415,12.04021955143637,21.085296289373183,0.0,0.0,812.8160912995619,45.0,6.034258834334038e-07,0,1
581,11.859999999999992,11.879999999999992,76.2599999999999,76.2799999999999,11.869999999999992,76.26999999999991,13.631105466297049,15.798561808060333,13.631105466297049,19.448649635681573,0.0,0.0,840.3668489971627,45.0,2.1514636607326442e-08,0,1
582,11.859999999999992,11.879999999999992,76.2799999999999,76.2999999999999,11.869999999999992,76.2899999999999,15.366289660101804,17.63946209150793,15.366289660101804,17.927278984049895,0.0,0.0,681.9065710556351,45.0,3.5392135944192747e-10,0,1
583,11.859999999999992,11.879999999999992,76.2999999999999,76.3199999999999,11.869999999999992,76.3099999999999,17.20216124920363,19.54934407978892,17.20216124920363,16.552999645449844,0.0,0.0,663.6097421969213,45.0,2.68622402822004e-12,0,1
584,11.859999999999992,11.879999999999992,76.3199999999999,76.33999999999989,11.869999999999992,76.3299999999999,19.10972310378636,21.50984072584341,19.10972310378636,15.365330109187084,0.0,0.0,823.1385374630386,45.0,9.40690871975336e-15,0,1
585,11.859999999999992,11.879999999999992,76.33999999999989,76.35999999999989,11.869999999999992,76.3499999999999,21.06951242774315,23.508292255364427,21.06951242774315,14.410483970758207,0.0,0.0,832.1190370916271,45.0,1.5401735020566328e-17,0,1
586,11.859999999999992,11.879999999999992,76.35999999999989,76.37999999999988,11.869999999999992,76.36999999999989,22.265611405917515,25.53578907377777,23.068221902837987,13.73709700515243,0.0,0.0,672.0657892272171,45.0,1.4906111878438326e-19,0,1
587,11.859999999999992,11.879999999999992,76.37999999999988,76.39999999999988,11.869999999999992,76.38999999999989,22.26561140591643,27.585927646277185,25.09655434713716,13.387708057524238,0.0,0.0,672.4322463592744,45.0,4.314036157499663e-20,0,1
588,11.859999999999992,11.879999999999992,76.39999999999988,76.41999999999987,11.869999999999992,76.40999999999988,22.477484597449003,29.65401230278768,27.147870790599672,13.3877080575221,0.0,0.0,832.4640934772848,45.0,6.23197874438671e-21,0,1
589,11.879999999999992,11.899999999999991,75.8,75.82,11.889999999999992,75.81,23.13257874102224,30.395764961006613,22.10141499409528,15.870418354560124,0.0,0.0,754.3232592443361,6.971531549797003,2.48790805013649e-16,0,4
590,11.879999999999992,11.899999999999991,75.82,75.83999999999999,11.889999999999992,75.83,21.17825179811059,28.297361308928853,19.932737352260155,13.79478174425998,0.0,0.0,653.0838724243733,45.0,1.78315655880571e-13,0,4
591,11.879999999999992,11.899999999999991,75.83999999999999,75.85999999999999,11.889999999999992,75.85,19.27161380769852,26.211691554250088,17.76588040061203,11.75562748285204,0.0,0.0,751.3365512361613,2.1649417096515053,5.911251440862842e-11,0,4
592,11.879999999999992,11.899999999999991,75.85999999999999,75.87999999999998,11.889999999999992,75.86999999999999,17.42832316065891,24.14205623824741,15.601602780750436,9.775812060838277,0.0,0.0,846.8380766077535,45.0,9.091454485640677e-09,0,4
593,11.879999999999992,11.899999999999991,75.87999999999998,75.89999999999998,11.889999999999992,75.88999999999999,15.670749755174723,22.092962078691727,13.44115052689008,7.900074391498371,0.0,0.0,743.0082014107888,11.186362184329388,6.53317001722014e-07,0,4
594,11.879999999999992,11.899999999999991,75.89999999999998,75.91999999999997,11.889999999999992,75.90999999999998,14.031142082620606,20.070701448176614,11.286720569255577,6.223246701977329,0.0,0.0,653.5702429745447,45.0,2.2282538847787745e-05,0,4
595,11.879999999999992,11.899999999999991,75.91999999999997,75.93999999999997,11.889999999999992,75.92999999999998,12.55579942506892,18.084278517075525,9.142571343448765,4.951704144868668,0.0,0.0,762.6232103880891,19.648507804222927,0.0003728414779718,0,4
596,11.879999999999992,11.899999999999991,75.93999999999997,75.95999999999997,11.889999999999992,75.94999999999997,11.30919321925142,16.14692516810139,7.018131973550964,4.447797065781542,11.11111111111111,0.0,845.6925797165536,45.0,0.0054111288049036,1,4
597,11.879999999999992,11.899999999999991,75.95999999999997,75.97999999999996,11.889999999999992,75.96999999999997,10.374112227020552,14.278628984118512,4.938902537062941,4.951704144865625,100.0,0.0,731.7884396060931,27.25302967646492,0.011059283818729,1,4
598,11.879999999999992,11.899999999999991,75.97999999999996,75.99999999999996,11.889999999999992,75.98999999999997,9.839774336439897,12.510367285617551,3.000392726980851,5.970400972303587,100.0,0.0,655.3709618142384,45.0,0.0287069536819201,1,4
599,11.879999999999992,11.899999999999991,75.99999999999996,76.01999999999995,11.889999999999992,76.00999999999996,9.772139725032387,10.89097445101602,1.7558391766972163,6.222799252185347,100.0,0.0,773.7378081652791,33.87767195493507,0.039690216630858,1,2
600,11.879999999999992,11.899999999999991,76.01999999999995,76.03999999999995,11.889999999999992,76.02999999999996,10.18051432620735,9.496912681281612,2.5757721941544363,4.951563560451876,88.88888888888889,0.0,843.2427740953333,45.0,0.0301314214757068,1,2
601,11.879999999999992,11.899999999999991,76.03999999999995,76.05999999999995,11.889999999999992,76.04999999999995,11.012067488527222,7.697523322410302,4.433649742929335,4.447797065783311,0.0,0.0,720.8169034528644,39.5370362084575,0.0126888843691509,1,2
602,11.879999999999992,11.899999999999991,76.05999999999995,76.07999999999994,11.889999999999992,76.06999999999995,12.180434720993455,5.553030032099779,6.492373532645112,4.951563560447618,0.0,0.0,658.461491064903,45.0,0.0019778091515072,0,2
603,11.879999999999992,11.899999999999991,76.07999999999994,76.09999999999994,11.889999999999992,76.08999999999995,13.599079037511212,3.448525377806232,8.609041434034216,6.222799252178571,0.0,0.0,784.5288580812702,44.32242672036022,0.0001444450848002,0,2
604,11.879999999999992,11.899999999999991,76.09999999999994,76.11999999999993,11.889999999999992,76.10999999999994,12.968068816320278,1.5557697865907092,10.749478631729607,7.89928130806571,0.0,0.0,839.5220566353789,45.0,4.983832583426852e-06,0,2
605,11.879999999999992,11.899999999999991,76.11999999999993,76.13999999999993,11.889999999999992,76.12999999999994,11.945003813148103,1.555769786580059,11.945003813148103,9.774672655561949,0.0,0.0,710.2431393508732,45.0,8.037123445819193e-07,0,2
606,11.879999999999992,11.899999999999991,76.13999999999993,76.15999999999993,11.889999999999992,76.14999999999993,11.254794623492124,3.448525377791818,11.254794623492124,11.75414698645752,0.0,0.0,662.7997060491052,45.0,2.6876433571129145e-06,0,2
607,11.879999999999992,11.899999999999991,76.15999999999993,76.17999999999992,11.889999999999992,76.16999999999993,10.960504854685304,5.55303003208486,10.960504854685304,13.792964965168132,0.0,0.0,794.8492745088448,45.0,4.582073506502492e-06,0,2
608,11.879999999999992,11.899999999999991,76.17999999999992,76.19999999999992,11.889999999999992,76.18999999999993,11.093687848837352,7.697523322395234,11.093687848837352,15.868268925954386,0.0,0.0,834.581139170783,45.0,3.60519640481652e-06,0,2
609,11.879999999999992,11.899999999999991,76.19999999999992,76.21999999999991,11.889999999999992,76.20999999999992,11.63967921617699,9.33403060845114,11.63967921617699,17.96742050456776,0.0,0.0,700.2112677734797,45.0,1.3088300201039355e-06,0,2
610,11.879999999999992,11.899999999999991,76.21999999999991,76.23999999999991,11.889999999999992,76.22999999999992,12.544693424315671,10.96664326844148,12.544693424315671,20.08294313108424,0.0,0.0,668.326475223713,45.0,2.1924254510282841e-07,0,1
611,11.879999999999992,11.899999999999991,76.23999999999991,76.2599999999999,11.889999999999992,76.24999999999991,13.737958819958722,12.762439783394402,13.737958819958722,22.21015925075676,0.0,0.0,804.5583880429086,45.0,1.6945472962690223e-08,0,1
612,11.879999999999992,11.899999999999991,76.2599999999999,76.2799999999999,11.889999999999992,76.26999999999991,15.151523698329306,14.661580444158272,15.151523698329306,21.03639098017393,0.0,0.0,828.4873670396071,45.0,6.043239874311155e-10,0,1
613,11.879999999999992,11.899999999999991,76.2799999999999,76.2999999999999,11.889999999999992,76.2899999999999,16.729638562354637,16.628694476530352,16.729638562354637,19.63851483676737,0.0,0.0,690.8580247086417,45.0,9.944278001681212e-12,0,1
614,11.879999999999992,11.899999999999991,76.2999999999999,76.3199999999999,11.889999999999992,76.3099999999999,18.430081942811167,18.642276833171817,18.430081942811167,18.39263976393284,0.0,0.0,674.9664678132588,45.0,7.550295961440205e-14,0,1
615,11.879999999999992,11.899999999999991,76.3199999999999,76.33999999999989,11.889999999999992,76.3299999999999,20.22201800141118,20.688764036156503,20.22201800141118,17.331576477303518,0.0,0.0,813.5238618842068,45.0,2.6450997135470486e-16,0,1
616,11.879999999999992,11.899999999999991,76.33999999999989,76.35999999999989,11.889999999999992,76.3499999999999,22.08318548044576,22.75928151398756,22.08318548044576,16.491037029129785,0.0,0.0,821.3237993432512,45.0,4.276123556989232e-19,0,1
617,11.879999999999992,11.899999999999991,76.35999999999989,76.37999999999988,11.889999999999992,76.36999999999989,23.99748167533146,24.847822804512656,23.99748167533146,15.906020085291718,0.0,0.0,682.3108963767992,45.0,3.475406077993064e-22,0,1
618,11.879999999999992,11.899999999999991,76.37999999999988,76.39999999999988,11.889999999999992,76.38999999999989,24.48709013231424,26.950197886128446,25.95315296797566,15.605289528177268,0.0,0.0,682.6291796382748,45.0,9.079434042884286e-24,0,1
619,11.879999999999992,11.899999999999991,76.39999999999988,76.41999999999987,11.889999999999992,76.40999999999988,24.6798856082391,29.0634047970614,27.94151297131856,15.605289528175437,0.0,0.0,821.6234951663439,45.0,1.2960633744973491e-24,0,1
620,11.899999999999991,11.919999999999993,75.8,75.82,11.909999999999991,75.81,24.152726077004647,31.03876547369964,22.03785888226449,16.63074724965841,0.0,0.0,744.7699184079063,8.414684646865108,3.3453791091440654e-17,0,4
621,11.899999999999991,11.919999999999993,75.82,75.83999999999999,11.909999999999991,75.83,22.288173538709472,28.987102839974696,19.86241184057744,14.663290956300324,0.0,0.0,867.2447106606442,45.0,2.4291841919112263e-14,0,4
622,11.899999999999991,11.919999999999993,75.83999999999999,75.85999999999999,11.909999999999991,75.85,20.48524070882034,26.955010521933087,17.687111177519665,12.763804406819428,0.0,0.0,748.3831025703591,2.6184700392628155,8.30559800991397e-12,0,4
623,11.899999999999991,11.919999999999993,75.85999999999999,75.87999999999998,11.909999999999991,75.86999999999999,18.761700321867263,24.947271318998364,15.512018488323015,10.967659647816342,0.0,0.0,632.8497147301839,45.0,1.3695955350554484e-09,0,4
624,11.899999999999991,11.919999999999993,75.87999999999998,75.89999999999998,11.909999999999991,75.88999999999999,17.14151732628119,22.970271954648,13.337235539182345,9.320989066875176,0.0,0.0,758.4583623678039,13.454477771295236,1.1378270169496799e-07,0,4
625,11.899999999999991,11.919999999999993,75.89999999999998,75.91999999999997,11.909999999999991,75.90999999999998,15.656811266553648,21.03268254279212,11.162943378344652,7.330683377569506,0.0,0.0,866.6563252684493,45.0,5.045480081463044e-06,0,4
626,11.899999999999991,11.919999999999993,75.91999999999997,75.93999999999997,11.909999999999991,75.92999999999998,14.34969573147349,19.14647149030445,8.98949814950341,5.483258137275014,0.0,0.0,734.7290200174153,23.360894134628328,0.000123921123302,0,4
627,11.899999999999991,11.919999999999993,75.93999999999997,75.95999999999997,11.909999999999991,75.94999999999997,13.272742824944348,17.328424648836627,6.81770990804517,3.9827679271362393,0.0,0.0,634.2354857003035,45.0,0.0017287153845989,0,4
628,11.899999999999991,11.919999999999993,75.95999999999997,75.97999999999996,11.909999999999991,75.96999999999997,12.485653476017209,15.602388475213289,4.649900996491529,3.335847799337792,77.77777777777779,0.0,772.0315172963819,31.928907667781267,0.0158077389050941,1,4
629,11.899999999999991,11.919999999999993,75.97999999999996,75.99999999999996,11.909999999999991,75.98999999999997,12.045384575362302,14.002430031428318,2.4964594468286183,3.982767927133215,100.0,0.0,864.4778949421444,45.0,0.0291062561424378,1,4
630,11.899999999999991,11.919999999999993,75.99999999999996,76.01999999999995,11.909999999999991,76.00999999999996,11.990201945265502,12.424972833729177,0.5597856264251896,4.88719368668763,100.0,0.0,721.2830831367464,39.08478328017315,0.0443060286553803,1,2
631,11.899999999999991,11.919999999999993,76.01999999999995,76.03999999999995,11.909999999999991,76.02999999999996,12.325278986279391,10.345235344819132,1.9658916149054424,3.1113436088629203,100.0,0.0,637.1991456323292,45.0,0.0486457902704637,1,2
632,11.899999999999991,11.919999999999993,76.03999999999995,76.05999999999995,11.909999999999991,76.04999999999995,13.020521023775135,8.314989451717004,4.109308875374927,2.223898532892274,33.33333333333333,12.631830104848628,785.3043790175477,44.95867808417706,0.2307128479704054,1,2
633,11.899999999999991,11.919999999999993,76.05999999999995,76.07999999999994,11.909999999999991,76.06999999999995,14.02245839788752,6.38164679705694,6.2752233948327065,3.111343608856145,0.0,0.0,860.7391123736872,45.0,0.0036381279890176,0,2
634,11.899999999999991,11.919999999999993,76.07999999999994,76.09999999999994,11.909999999999991,76.08999999999995,15.270842063226116,4.667225435681921,8.446345801015445,4.887193686679003,0.0,0.0,708.2285626234549,45.0,0.000180801252535,0,2
635,11.899999999999991,11.919999999999993,76.09999999999994,76.11999999999993,11.909999999999991,76.10999999999994,14.893904328684217,3.5088148933067407,10.619482354298263,6.896255059595784,0.0,0.0,641.700299662026,45.0,6.129615862099191e-06,0,2
636,11.899999999999991,11.919999999999993,76.11999999999993,76.13999999999993,11.909999999999991,76.12999999999994,14.012229037752531,3.5088148933020187,12.793606711512004,8.9833999174557,0.0,0.0,798.096036407568,45.0,1.0518988273531469e-07,0,2
637,11.899999999999991,11.919999999999993,76.13999999999993,76.15999999999993,11.909999999999991,76.14999999999993,13.42873869157929,4.447797065783311,13.42873869157929,11.104687417874604,0.0,0.0,855.4909377629839,45.0,3.4336740327590424e-08,0,2
638,11.899999999999991,11.919999999999993,76.15999999999993,76.17999999999992,11.909999999999991,76.16999999999993,13.183086397166171,4.95149309971589,13.183086397166171,13.243721506463157,0.0,0.0,695.7433936130734,45.0,5.736584086795108e-08,0,2
639,11.899999999999991,11.919999999999993,76.17999999999992,76.19999999999992,11.909999999999991,76.18999999999993,13.29401350102053,6.222574983588872,13.29401350102053,15.39310572569322,0.0,0.0,647.6775962135009,45.0,4.5134693584200594e-08,0,2
640,11.899999999999991,11.919999999999993,76.19999999999992,76.21999999999991,11.909999999999991,76.20999999999992,13.752894490329332,7.898883794182217,13.752894490329332,17.549037465160108,0.0,0.0,810.2321370094496,45.0,1.638690946140966e-08,0,2
641,11.899999999999991,11.919999999999993,76.21999999999991,76.23999999999991,11.909999999999991,76.22999999999992,14.526792577227647,9.77410154930272,14.526792577227647,19.709368208676644,0.0,0.0,848.8049045308705,45.0,2.745336269329044e-09,0,1
642,11.899999999999991,11.919999999999993,76.23999999999991,76.2599999999999,11.909999999999991,76.24999999999991,15.568801559910591,11.7534049092225,15.568801559910591,21.872794543881938,0.0,0.0,683.9977509640181,45.0,2.122295965773372e-10,0,1
643,11.899999999999991,11.919999999999993,76.2599999999999,76.2799999999999,11.909999999999991,76.26999999999991,16.82919323649244,13.792054327194382,16.82919323649244,22.73105697914629,0.0,0.0,655.0495637544468,45.0,7.57056447343558e-12,0,1
644,11.899999999999991,11.919999999999993,76.2799999999999,76.2999999999999,11.909999999999991,76.2899999999999,18.26280896548895,15.867191548518,18.26280896548895,21.444034973301395,0.0,0.0,821.547263797306,45.0,1.2461275471820753e-13,0,1
645,11.899999999999991,11.919999999999993,76.2999999999999,76.3199999999999,11.909999999999991,76.3099999999999,19.83211841204998,17.966177719785453,19.83211841204998,20.30930917782515,0.0,0.0,840.7721443959404,45.0,9.464739400241536e-16,0,1
646,11.899999999999991,11.919999999999993,76.3199999999999,76.33999999999989,11.909999999999991,76.3299999999999,21.507439012649296,20.08153591882675,21.507439012649296,19.35368599685354,0.0,0.0,673.1517296934625,45.0,3.3171626409334652e-18,0,1
647,11.899999999999991,11.919999999999993,76.33999999999989,76.35999999999989,11.909999999999991,76.3499999999999,23.26588118842494,22.208588343680024,23.26588118842494,18.60478441915317,0.0,0.0,663.7157211693058,45.0,5.364597462618122e-21,0,1
648,11.899999999999991,11.919999999999993,76.35999999999989,76.37999999999988,11.909999999999991,76.36999999999989,25.0899741745219,24.34426986931908,25.0899741745219,18.08829909862108,0.0,0.0,831.8871897543784,45.0,4.0059619748642655e-24,0,1
649,11.899999999999991,11.919999999999993,76.37999999999988,76.39999999999988,11.909999999999991,76.38999999999989,26.70897160674182,26.486493201159167,26.966398762948824,17.824445145807264,0.0,0.0,831.502145183938,45.0,2.210344887842208e-27,0,1
650,11.899999999999991,11.919999999999993,76.39999999999988,76.41999999999987,11.909999999999991,76.40999999999988,26.885826041712136,28.63379010062124,28.88495804851467,17.824445145805655,0.0,0.0,663.3531628339081,45.0,1.2042812487430758e-28,0,1
651,11.919999999999993,11.93999999999999,75.8,75.82,11.92999999999999,75.81,25.32752590145376,31.82449961775624,22.198047513792137,17.442073039631964,0.0,0.0,745.9821727031856,6.483353887024567,2.1715203293301943e-18,0,4
652,11.919999999999993,11.93999999999999,75.82,75.83999999999999,11.92999999999999,75.83,23.55628219377107,29.82708491107265,20.04016485052778,15.271304917407202,0.0,0.0,840.0691489602685,45.0,1.7570019201391645e-15,0,4
653,11.919999999999993,11.93999999999999,75.83999999999999,75.85999999999999,11.92999999999999,75.85,21.85832797685771,27.85648593787759,17.886663220940232,13.102214170306882,0.0,0.0,748.7578750522521,2.0121220645745685,7.406461737641043e-13,0,4
654,11.919999999999993,11.93999999999999,75.85999999999999,75.87999999999998,11.92999999999999,75.86999999999999,20.252105622380245,25.91881980437437,15.739341017909355,10.935798969124004,0.0,0.0,660.0033899554569,45.0,1.712111177507585e-10,0,4
655,11.919999999999993,11.93999999999999,75.87999999999998,75.89999999999998,11.92999999999999,75.88999999999999,18.761190573347463,24.022057125966462,13.60112536180596,8.774041425548475,0.0,0.0,756.4978410006332,10.413986946190192,2.1823985944923393e-08,0,4
656,11.919999999999993,11.93999999999999,75.89999999999998,75.91999999999997,11.92999999999999,75.90999999999998,17.415222393407564,22.176695759979363,11.477107117820704,6.621504958776305,0.0,0.0,839.6171423503796,45.0,1.4653011821032404e-06,0,4
657,11.919999999999993,11.93999999999999,75.91999999999997,75.93999999999997,11.92999999999999,75.92999999999998,16.2502578514329,20.39669187132978,9.376939053547202,4.491466821803322,0.0,0.0,738.2686035205273,18.35656691133339,4.939397381295523e-05,0,4
658,11.919999999999993,11.93999999999999,75.93999999999997,75.95999999999997,11.92999999999999,75.94999999999997,15.307677799397633,18.700717695962407,7.321175178561442,2.443489704782872,0.0,8.192805483417745,661.0679600102144,45.0,0.0022477134107234,0,4
659,11.919999999999993,11.93999999999999,75.95999999999997,75.97999999999996,11.92999999999999,75.96999999999997,14.630527307018069,17.11377352669644,5.361142407733354,1.111949266446579,66.66666666666666,12.358854783272491,766.9249426616657,25.580889011376374,0.1047192166911659,1,4
660,11.919999999999993,11.93999999999999,75.97999999999996,75.99999999999996,11.92999999999999,75.98999999999997,14.256678061744044,15.197874468477208,3.654273102214568,2.4434897047779423,77.77777777777779,13.119565737824583,837.9436395173237,45.0,0.0642464870757171,1,4
661,11.919999999999993,11.93999999999999,75.99999999999996,76.01999999999995,11.92999999999999,76.00999999999996,14.210088665812322,13.196677796565517,2.7267559560511363,4.351728571529792,66.66666666666666,0.0,727.9392328171738,31.963038351397643,0.0633679239089806,1,2
662,11.919999999999993,11.93999999999999,76.01999999999995,76.03999999999995,11.92999999999999,76.02999999999996,14.493915305752813,11.26053883428876,3.3145597538173,2.175864287183114,66.66666666666666,14.57082356528206,663.3446882122244,45.0,0.1808799136998234,1,2
663,11.919999999999993,11.93999999999999,76.03999999999995,76.05999999999995,11.92999999999999,76.04999999999995,15.089524588749976,9.4296170930546,4.899697627446039,5.637110767115752e-12,33.33333333333333,16.327538163126988,777.1213546021457,37.4920928970675,0.3489678119395953,1,2
664,11.919999999999993,11.93999999999999,76.05999999999995,76.07999999999994,11.92999999999999,76.06999999999995,15.962052940394427,7.778569027273066,6.818899428246678,2.1758642871734253,0.0,8.894063538640001,835.0714505911895,45.0,0.0053051957547333,1,2
665,11.919999999999993,11.93999999999999,76.07999999999994,76.09999999999994,11.92999999999999,76.08999999999995,17.069086853816618,6.447100724910882,8.857616155669787,4.351728571520103,0.0,0.0,717.9105539606264,42.22771988067113,0.0001022793552523,0,2
666,11.919999999999993,11.93999999999999,76.09999999999994,76.11999999999993,11.92999999999999,76.10999999999994,16.893117205858225,4.886907899709255,10.949290402589892,6.52759285020221,0.0,0.0,666.8025423993878,45.0,3.4283440494222737e-06,0,2
667,11.919999999999993,11.93999999999999,76.11999999999993,76.13999999999993,11.92999999999999,76.12999999999994,16.121211388713327,3.111231383986632,13.068518595251076,8.703457120386078,0.0,0.0,786.9480980766238,45.0,5.3824275906123995e-08,0,2
668,11.919999999999993,11.93999999999999,76.13999999999993,76.15999999999993,11.92999999999999,76.14999999999993,15.616756785596907,2.2238985328920973,15.203783001585178,10.879321379242189,0.0,0.0,831.0397239731103,45.0,5.771824599230945e-10,0,2
669,11.919999999999993,11.93999999999999,76.15999999999993,76.17999999999992,11.92999999999999,76.16999999999993,15.40604805250241,3.111231383975017,15.40604805250241,13.05518562393686,0.0,0.0,708.3192594685154,45.0,3.2158288078521257e-10,0,2
670,11.919999999999993,11.93999999999999,76.17999999999992,76.19999999999992,11.92999999999999,76.18999999999993,15.501068639284394,4.886907899695698,15.501068639284394,15.2310498516378,0.0,0.0,671.3943914522522,45.0,2.5200999363377584e-10,0,2
671,11.919999999999993,11.93999999999999,76.19999999999992,76.21999999999991,11.92999999999999,76.20999999999992,15.896336986134536,6.895799366060632,15.896336986134536,17.40691405951272,0.0,0.0,796.2712329709944,45.0,9.150255221630868e-11,0,2
672,11.919999999999993,11.93999999999999,76.21999999999991,76.23999999999991,11.92999999999999,76.22999999999992,16.570380755521096,8.982778013049249,16.570380755521096,19.58277824472792,0.0,0.0,825.9034127497102,45.0,1.5331641787963292e-11,0,1
673,11.919999999999993,11.93999999999999,76.23999999999991,76.2599999999999,11.92999999999999,76.24999999999991,17.491000407803284,11.103901316726455,17.491000407803284,21.758642404453862,0.0,0.0,699.2960802424307,45.0,1.185443052897877e-12,0,1
674,11.919999999999993,11.93999999999999,76.2599999999999,76.2799999999999,11.92999999999999,76.26999999999991,18.621661044703348,13.242772350772062,18.621661044703348,23.93450653585685,0.0,0.0,677.0576477217305,45.0,4.2296974469446514e-14,0,1
675,11.919999999999993,11.93999999999999,76.2799999999999,76.2999999999999,11.92999999999999,76.2899999999999,19.926640774774707,15.39199421155218,19.926640774774707,23.32195198946014,0.0,0.0,804.9636834416731,45.0,6.964252244977125e-16,0,1
676,11.919999999999993,11.93999999999999,76.2999999999999,76.3199999999999,11.92999999999999,76.3099999999999,21.37403453997664,17.54776404425596,21.37403453997664,22.283139874046867,0.0,0.0,819.7325256774973,45.0,5.291469221100793e-18,0,1
677,11.919999999999993,11.93999999999999,76.3199999999999,76.33999999999989,11.92999999999999,76.3299999999999,22.93689777637062,19.70793318938476,22.93689777637062,21.41584051100615,0.0,0.0,690.9640036810506,45.0,1.85530219491394e-20,0,1
678,11.919999999999993,11.93999999999999,76.33999999999989,76.35999999999989,11.92999999999999,76.3499999999999,24.593226577113096,21.871198145550835,24.593226577113096,20.741580249165995,0.0,0.0,683.7151201046781,45.0,3.001854651121206e-23,0,1
679,11.919999999999993,11.93999999999999,76.35999999999989,76.37999999999988,11.92999999999999,76.36999999999989,26.32538496811553,24.036723064049493,26.32538496811553,20.27962282961388,0.0,0.0,812.9069699763605,45.0,2.2413176672297676e-26,0,1
680,11.919999999999993,11.93999999999999,76.37999999999988,76.39999999999988,11.92999999999999,76.38999999999989,28.11936307757461,26.203947643176896,28.11936307757461,20.044652092926672,0.0,0.0,812.611172949928,45.0,7.756755484982203e-30,0,1
681,11.919999999999993,11.93999999999999,76.39999999999988,76.41999999999987,11.92999999999999,76.40999999999988,29.09450083360929,28.37248239121217,29.964059329091967,20.044652092925247,0.0,0.0,683.4365973419852,45.0,6.200340384449288e-33,0,1
682,11.93999999999999,11.95999999999999,75.8,75.82,11.94999999999999,75.81,26.636523294595737,32.74269336710765,22.577218886991474,17.44143193046591,0.0,0.0,755.4647188771997,8.786425535756628,1.0379593612814044e-19,0,4
683,11.93999999999999,11.95999999999999,75.82,75.83999999999999,11.94999999999999,75.83,24.95847756829321,30.80501983052821,20.459531463086865,15.270744295616955,0.0,0.0,627.4953371171578,45.0,1.253151731075708e-16,0,4
684,11.93999999999999,11.95999999999999,75.83999999999999,75.85999999999999,11.94999999999999,75.85,23.36277688738585,28.90132218158997,18.35546143601502,13.101734096753948,0.0,0.0,751.6894363945995,2.7357678940915715,8.153527934551345e-14,0,4
685,11.93999999999999,11.95999999999999,75.85999999999999,75.87999999999998,11.94999999999999,75.86999999999999,21.86745521796765,27.038777723381106,16.270292671498737,10.935399540305134,0.0,0.0,872.4060014116812,45.0,2.7001198816757637e-11,0,4
686,11.93999999999999,11.95999999999999,75.87999999999998,75.89999999999998,11.94999999999999,75.88999999999999,20.494495952232857,25.22650348519616,14.212346932379454,8.773722807681702,0.0,0.0,741.1621700697889,14.03471084220823,4.341087505918022e-09,0,4
687,11.93999999999999,11.95999999999999,75.89999999999998,75.91999999999997,11.94999999999999,75.90999999999998,19.27007120040732,23.476144408234205,12.19541348154554,6.621267474150852,0.0,0.0,628.1101194130315,45.0,3.29774377429948e-07,0,4
688,11.93999999999999,11.95999999999999,75.91999999999997,75.93999999999997,11.94999999999999,75.92999999999998,18.22414434641908,21.80261763591552,10.243746281126406,4.491311217641333,0.0,0.0,765.9560825035921,24.289950043882826,1.1781372472678832e-05,0,4
689,11.93999999999999,11.95999999999999,75.93999999999997,75.95999999999997,11.94999999999999,75.94999999999997,17.388954649706108,20.06694375614189,8.402945270139476,2.443418199566764,0.0,7.375743973861748,870.9580606136713,45.0,0.0005500623249876,0,4
690,11.93999999999999,11.95999999999999,75.95999999999997,75.97999999999996,11.94999999999999,75.96999999999997,16.795968688154776,18.08103164266329,6.76413809639332,1.111949266444634,0.0,10.157327657063211,726.9800823200482,33.06821554889014,0.013801183217596,1,4
691,11.93999999999999,11.95999999999999,75.97999999999996,75.99999999999996,11.94999999999999,75.98999999999997,16.47136601364839,16.144193809516466,5.510586441010362,2.443418199561834,0.0,10.057826669088408,630.3862805859617,45.0,0.0146658613790274,1,4
692,11.93999999999999,11.95999999999999,75.99999999999996,76.01999999999995,11.94999999999999,76.00999999999996,16.431060416526677,14.276417531901044,4.944540980045536,4.49131121763731,0.0,0.0,780.0052446152669,40.32048328103856,0.0083623886773626,1,2
693,11.93999999999999,11.95999999999999,76.01999999999995,76.03999999999995,11.94999999999999,76.02999999999996,16.67711330981039,12.508677664562528,5.291439497564852,3.1112313839823384,0.0,0.0,867.8614417955517,45.0,0.0092020283685469,1,2
694,11.93999999999999,11.95999999999999,76.03999999999995,76.05999999999995,11.94999999999999,76.04999999999995,17.197237688757824,10.878518359571077,6.40461569998337,2.223898532890152,0.0,9.271584636809235,713.1117597885645,45.0,0.0078655356502352,1,2
695,11.93999999999999,11.95999999999999,76.05999999999995,76.07999999999994,11.94999999999999,76.06999999999995,17.967647972029663,8.702814704706896,7.969177897365117,3.111231383975563,0.0,0.0,634.2927961898434,45.0,0.0005069795278227,0,2
696,11.93999999999999,11.95999999999999,76.07999999999994,76.09999999999994,11.94999999999999,76.08999999999995,18.95785527895724,6.527111038476946,9.770640415319338,4.8869078996972775,0.0,0.0,793.6454303674639,45.0,2.5218603547809994e-05,0,2
697,11.93999999999999,11.95999999999999,76.09999999999994,76.11999999999993,11.94999999999999,76.10999999999994,18.94248867391521,4.3514073637226725,11.700083563590306,6.895799366062626,0.0,0.0,863.1583523754354,45.0,8.55468009146858e-07,0,2
698,11.93999999999999,11.95999999999999,76.11999999999993,76.13999999999993,11.94999999999999,76.12999999999994,18.257486086412683,2.175703683286901,13.703555011484127,8.982778013051448,0.0,0.0,699.7462299650292,45.0,1.3422399507262595e-08,0,2
699,11.93999999999999,11.95999999999999,76.13999999999993,76.15999999999993,11.94999999999999,76.14999999999993,17.813663603489534,8.350870535225115e-12,15.75283490467542,11.103901316728775,0.0,0.0,639.7764197822303,45.0,9.768665719692668e-11,0,2
700,11.93999999999999,11.95999999999999,76.15999999999993,76.17999999999992,11.94999999999999,76.16999999999993,17.629246030167387,2.175703683270293,17.629246030167387,13.242772350774466,0.0,0.0,806.690721812343,45.0,1.1226067052854936e-12,0,2
701,11.93999999999999,11.95999999999999,76.17999999999992,76.19999999999992,11.94999999999999,76.18999999999993,17.712337848824685,4.351407363707448,17.712337848824685,15.39199421155464,0.0,0.0,856.9128962261117,45.0,6.280403761191425e-13,0,2
702,11.93999999999999,11.95999999999999,76.19999999999992,76.21999999999991,11.94999999999999,76.20999999999992,18.059246949952023,6.5271110384617215,18.059246949952023,17.547764044258457,0.0,0.0,687.0656671924743,45.0,2.278727373768716e-13,0,2
703,11.93999999999999,11.95999999999999,76.21999999999991,76.23999999999991,11.94999999999999,76.22999999999992,18.65526146998497,8.702814704690287,18.65526146998497,19.707933189387287,0.0,0.0,646.7624086824798,45.0,3.81860014288008e-14,0,1
704,11.93999999999999,11.95999999999999,76.23999999999991,76.2599999999999,11.94999999999999,76.24999999999991,19.47752685277509,10.878518359554468,19.47752685277509,21.87119814555339,0.0,0.0,818.9633095074277,45.0,2.953098526829378e-15,0,1
705,11.93999999999999,11.95999999999999,76.2599999999999,76.2799999999999,11.94999999999999,76.26999999999991,20.49883449367018,13.054222000211428,20.49883449367018,24.036723064052065,0.0,0.0,849.2101999296644,45.0,1.0539328838501452e-16,0,1
706,11.93999999999999,11.95999999999999,76.2799999999999,76.2999999999999,11.94999999999999,76.2899999999999,21.69108734475804,15.22992562381972,21.69108734475804,25.256121851571905,0.0,0.0,675.2429096018654,45.0,1.735838215087126e-18,0,1
707,11.93999999999999,11.95999999999999,76.2999999999999,76.3199999999999,11.94999999999999,76.3099999999999,23.02774882263455,17.405629227537894,23.02774882263455,24.300206739518178,0.0,0.0,655.1555427267735,45.0,1.3193706429341487e-20,0,1
708,11.93999999999999,11.95999999999999,76.3199999999999,76.33999999999989,11.94999999999999,76.3299999999999,24.485180256880263,19.581332808523104,24.485180256880263,23.507503750350715,0.0,0.0,830.2959160887217,45.0,4.627918259243183e-23,0,1
709,11.93999999999999,11.95999999999999,76.33999999999989,76.35999999999989,11.94999999999999,76.3499999999999,26.043113849186625,21.75703636393665,26.043113849186625,22.894972071273813,0.0,0.0,840.1552524881735,45.0,7.491449347418989e-26,0,1
710,11.93999999999999,11.95999999999999,76.35999999999989,76.37999999999988,11.94999999999999,76.36999999999989,27.68458769210342,23.932739890935675,27.68458769210342,22.4773461165761,0.0,0.0,664.4391033001632,45.0,5.596381985915836e-29,0,1
711,11.93999999999999,11.95999999999999,76.37999999999988,76.39999999999988,11.94999999999999,76.38999999999989,29.395610249107047,26.108443386678704,29.395610249107047,22.265595872780192,0.0,0.0,664.8414221343435,45.0,1.9294096269734827e-32,0,1
712,11.93999999999999,11.95999999999999,76.39999999999988,76.41999999999987,11.94999999999999,76.40999999999988,31.16472841474794,28.284146848322884,31.16472841474794,22.265595872778903,0.0,0.0,840.5340762868125,45.0,3.161283006622256e-36,0,1
